FID,x,y
0,121.435572805999996,31.198185957300002
1,121.435515202999994,31.198246593499999
2,121.435697820000001,31.198338225000001
3,121.435395392000004,31.198371028099999
4,121.435286192999996,31.198480907099999
5,121.435171189000002,31.198671279199999
6,121.435986731000000,31.198714707000001
7,121.436223720000001,31.198846689200000
8,121.436211732000004,31.198989354399998
9,121.440217933000000,31.199031257200001
10,121.435183996000006,31.199032500300000
11,121.435563493999993,31.199053856700001
12,121.436242663000002,31.199067743600001
13,121.436272901999999,31.199092742500000
14,121.436021169000000,31.199118975600001
15,121.436343704999999,31.199196186000002
16,121.440087665999997,31.199216597200000
17,121.440684718000000,31.199237084699998
18,121.435183963000000,31.199253175199999
19,121.435127156999997,31.199340200700000
20,121.435144328999996,31.199349997599999
21,121.435612129000006,31.199400117000000
22,121.441152915999993,31.199440674500000
23,121.436554540000003,31.199473268599998
24,121.434878021000003,31.199536014600000
25,121.434514031999996,31.199558940399999
26,121.435581389999996,31.199599507500000
27,121.441028059999994,31.199617506399999
28,121.441028059999994,31.199617506399999
29,121.441028059999994,31.199617506399999
30,121.439855488999996,31.199620702299999
31,121.441618922000004,31.199647951300001
32,121.434644070999994,31.199715723800001
33,121.436740318999995,31.199727490299999
34,121.439780924000004,31.199745775899999
35,121.434783125999999,31.199761587499999
36,121.434783125999999,31.199761587499999
37,121.434783125999999,31.199761587499999
38,121.435458345000001,31.199783016700000
39,121.434267141000007,31.199815790900001
40,121.434267141000007,31.199815790900001
41,121.435095755000006,31.199834312200000
42,121.441217698000003,31.199836877900001
43,121.442086040000007,31.199853362900001
44,121.436835494999997,31.199854171300000
45,121.434482126000006,31.199871173300000
46,121.434482126000006,31.199871173300000
47,121.434482126000006,31.199871173300000
48,121.440764837000003,31.199873568400001
49,121.441821695000002,31.199915952400001
50,121.440846829999998,31.199937280000000
51,121.440846829999998,31.199937280000000
52,121.440846829999998,31.199937280000000
53,121.434718611999998,31.199944938800002
54,121.434718611999998,31.199944938800002
55,121.434718611999998,31.199944938800002
56,121.435640792000001,31.199958729599999
57,121.436927780000005,31.199987642100002
58,121.440916059000003,31.199996469399998
59,121.442803019999999,31.199998254000000
60,121.434955101000000,31.200018704800002
61,121.434955101000000,31.200018704800002
62,121.434955101000000,31.200018704800002
63,121.434955101000000,31.200018704800002
64,121.439620934999994,31.200024140400000
65,121.439653466999999,31.200027745400000
66,121.439587489000004,31.200027997399999
67,121.442551273000007,31.200061848200001
68,121.440017299999994,31.200070213400000
69,121.435449591999998,31.200092898800001
70,121.435449591999998,31.200092898800001
71,121.435449591999998,31.200092898800001
72,121.435238366999997,31.200093861199999
73,121.436551535999996,31.200102324100001
74,121.439588921999999,31.200117762400001
75,121.442317875000001,31.200118966100000
76,121.434310109999998,31.200146078900001
77,121.434310109999998,31.200146078900001
78,121.434310109999998,31.200146078900001
79,121.434362409000002,31.200158178900001
80,121.437102175999996,31.200189798899999
81,121.435320579999996,31.200221104299999
82,121.435320579999996,31.200221104299999
83,121.435320579999996,31.200221104299999
84,121.436062719000006,31.200222609299999
85,121.437130163999996,31.200227298100000
86,121.440442462999997,31.200229426600000
87,121.441664031000002,31.200232342800000
88,121.441664031000002,31.200232342800000
89,121.441664031000002,31.200232342800000
90,121.443363097000002,31.200235614200000
91,121.432322907000000,31.200236380400000
92,121.441456742000000,31.200236753300000
93,121.441448037000001,31.200248034800001
94,121.440029605000007,31.200265988999998
95,121.440029605000007,31.200265988999998
96,121.440029605000007,31.200265988999998
97,121.432450551000002,31.200267813499998
98,121.443015051000003,31.200272677099999
99,121.434869079999999,31.200275401199999
100,121.434869079999999,31.200275401199999
101,121.434869079999999,31.200275401199999
102,121.432418327999997,31.200279185799999
103,121.435750576999993,31.200313543400000
104,121.435750576999993,31.200313543400000
105,121.435750576999993,31.200313543400000
106,121.434187182000002,31.200329427300002
107,121.432689780000004,31.200330669700001
108,121.439460951000001,31.200337503800000
109,121.440717762000006,31.200340640299999
110,121.440717762000006,31.200340640299999
111,121.440717762000006,31.200340640299999
112,121.442105084999994,31.200342306800000
113,121.439492422000001,31.200344631600000
114,121.441595222000004,31.200347342499999
115,121.435105570000005,31.200349169300001
116,121.435105570000005,31.200349169300001
117,121.435105570000005,31.200349169300001
118,121.442787469999999,31.200358443999999
119,121.432787704999996,31.200359937399998
120,121.436415315000005,31.200369342100000
121,121.436415315000005,31.200369342100000
122,121.435846924000003,31.200374282100000
123,121.442180176999997,31.200380088799999
124,121.442180176999997,31.200380088799999
125,121.442180176999997,31.200380088799999
126,121.443271663999994,31.200380878499999
127,121.443271663999994,31.200380878499999
128,121.432884392000005,31.200386434799999
129,121.432897269999998,31.200388559699999
130,121.439367410000003,31.200419003800000
131,121.435642850999997,31.200441506000001
132,121.435642850999997,31.200441506000001
133,121.435642850999997,31.200441506000001
134,121.442124660999994,31.200447790599998
135,121.433130148999993,31.200453009899999
136,121.442137161000005,31.200453380999999
137,121.442137161000005,31.200453380999999
138,121.442137161000005,31.200453380999999
139,121.433121563000000,31.200459754400001
140,121.443486118999999,31.200471330999999
141,121.440739254999997,31.200487443699998
142,121.440739254999997,31.200487443699998
143,121.440739254999997,31.200487443699998
144,121.441836060000000,31.200489505200000
145,121.441879979000007,31.200503106500001
146,121.439358437999999,31.200519082100001
147,121.439971962000001,31.200526048699999
148,121.435062556000005,31.200532553700000
149,121.435062556000005,31.200532553700000
150,121.435062556000005,31.200532553700000
151,121.440410063000002,31.200537638899998
152,121.440954289000004,31.200542908399999
153,121.440954289000004,31.200542908399999
154,121.440954289000004,31.200542908399999
155,121.433621920999997,31.200576012900001
156,121.442074141999996,31.200578450999998
157,121.442065513000003,31.200586463600001
158,121.442125852000004,31.200593358799999
159,121.436287772000000,31.200605966800001
160,121.437414660000002,31.200606225600001
161,121.440910669999994,31.200617234799999
162,121.435286556999998,31.200624157000000
163,121.436266566000000,31.200644624799999
164,121.436266566000000,31.200644624799999
165,121.436266566000000,31.200644624799999
166,121.436267067000003,31.200645195400000
167,121.441261967000003,31.200654929700001
168,121.435493311000002,31.200672765400000
169,121.443953952000001,31.200675541799999
170,121.433917836999996,31.200682519000001
171,121.437460611000006,31.200684377100000
172,121.433965282000003,31.200686313700000
173,121.436305586000003,31.200689085800001
174,121.433568684999997,31.200692247100001
175,121.439842358999996,31.200693053399998
176,121.432467180000003,31.200715324699999
177,121.442626700999995,31.200727733200001
178,121.442629171999997,31.200733560800000
179,121.434137218999993,31.200735803000001
180,121.434137218999993,31.200735803000001
181,121.440158607000001,31.200743174199999
182,121.440158607000001,31.200743174199999
183,121.440158607000001,31.200743174199999
184,121.442759886999994,31.200762766000000
185,121.432152063000004,31.200764708200001
186,121.443061360000002,31.200794010100001
187,121.441205382000007,31.200798203700000
188,121.441705935000002,31.200803297800000
189,121.434354833000000,31.200805707899999
190,121.434354833000000,31.200805707899999
191,121.439180972000003,31.200813095899999
192,121.440060489000004,31.200816407800001
193,121.440610194000001,31.200817421000000
194,121.440610194000001,31.200817421000000
195,121.440610194000001,31.200817421000000
196,121.439128380000000,31.200820476299999
197,121.434460598000001,31.200834726200000
198,121.443040427000000,31.200840382999999
199,121.436704542000001,31.200869143500000
200,121.444420402999995,31.200882090499999
201,121.436923159000003,31.200898263100001
202,121.442020138000004,31.200913207100001
203,121.437661375999994,31.200923614899999
204,121.437661375999994,31.200923614899999
205,121.442990918000007,31.200949459499999
206,121.434911822999993,31.200954815999999
207,121.443459551999993,31.200963362300001
208,121.434961620999999,31.200968689700002
209,121.437707153999995,31.200980654399999
210,121.440545663999998,31.200982409500000
211,121.440545663999998,31.200982409500000
212,121.440545663999998,31.200982409500000
213,121.435416271999998,31.200984188600000
214,121.441130275999996,31.200984199899999
215,121.439660201999999,31.200994545299999
216,121.435108783999993,31.201007877900000
217,121.435108783999993,31.201007877900000
218,121.434707923000005,31.201008201499999
219,121.432026160999996,31.201031926399999
220,121.435183959000000,31.201032343200001
221,121.439771483000001,31.201036023600000
222,121.439771483000001,31.201036023600000
223,121.439771483000001,31.201036023600000
224,121.441101133000004,31.201054985900001
225,121.441101133000004,31.201054985900001
226,121.436054600000006,31.201057588499999
227,121.443795226000006,31.201058413900000
228,121.443795226000006,31.201058413900000
229,121.435340136999997,31.201066459900002
230,121.435340136999997,31.201066459900002
231,121.444898569000003,31.201067593499999
232,121.437361898999995,31.201067920800000
233,121.443885953000006,31.201070932099999
234,121.442931014999999,31.201078099600000
235,121.442931014999999,31.201078099600000
236,121.442931014999999,31.201078099600000
237,121.437406111000001,31.201086858600000
238,121.437406111000001,31.201086858600000
239,121.444408246999998,31.201099355499998
240,121.444408246999998,31.201099355499998
241,121.444408246999998,31.201099355499998
242,121.435463533999993,31.201100049000001
243,121.435062505000005,31.201101258900000
244,121.435062505000005,31.201101258900000
245,121.435062505000005,31.201101258900000
246,121.433370386000007,31.201109811999999
247,121.441076538000004,31.201115365000000
248,121.442413642000005,31.201116913800000
249,121.437436743000006,31.201121216699999
250,121.435690550000004,31.201123996100002
251,121.433892536000002,31.201127035100001
252,121.436356809000003,31.201130580499999
253,121.434672164000006,31.201136765099999
254,121.440072537999995,31.201146645600002
255,121.440072537999995,31.201146645600002
256,121.440072537999995,31.201146645600002
257,121.440459627999999,31.201147358200000
258,121.440459627999999,31.201147358200000
259,121.440459627999999,31.201147358200000
260,121.440459627999999,31.201147358200000
261,121.432582155999995,31.201149998300000
262,121.442026611000003,31.201153567399999
263,121.435665489000002,31.201156025800000
264,121.435665489000002,31.201156025800000
265,121.435266225999996,31.201159117700001
266,121.440503235999998,31.201159839500001
267,121.434034247000000,31.201161540299999
268,121.434401109000007,31.201189138899998
269,121.434009036000006,31.201191283800000
270,121.434009036000006,31.201191283800000
271,121.438891928999993,31.201223108499999
272,121.434997995000003,31.201229570399999
273,121.434997995000003,31.201229570399999
274,121.434997995000003,31.201229570399999
275,121.435965503000006,31.201231170000000
276,121.435965503000006,31.201231170000000
277,121.432762968999995,31.201243347500000
278,121.443745626999998,31.201244429900001
279,121.445379217999999,31.201248482000000
280,121.443733112999993,31.201248954200000
281,121.442352155999998,31.201260995300000
282,121.442352155999998,31.201260995300000
283,121.442352155999998,31.201260995300000
284,121.434627765000002,31.201263464899998
285,121.444890040000004,31.201296747499999
286,121.441002777999998,31.201297179800001
287,121.441763268000003,31.201302236299998
288,121.442808821000000,31.201322557800001
289,121.438005261000001,31.201351816700001
290,121.436373064999998,31.201356056500000
291,121.434954984000001,31.201357917100001
292,121.434954984000001,31.201357917100001
293,121.434954984000001,31.201357917100001
294,121.434245505999996,31.201375114600001
295,121.434245505999996,31.201375114600001
296,121.434245505999996,31.201375114600001
297,121.441712773999996,31.201382914600000
298,121.434664534000007,31.201392450499998
299,121.438836167999995,31.201400625100000
300,121.440951502999994,31.201423290000001
301,121.445859424999995,31.201430253400002
302,121.443132853999998,31.201431347000000
303,121.440394803000004,31.201437450600000
304,121.441118614999993,31.201464391900000
305,121.431916291999997,31.201472950399999
306,121.437758121000002,31.201476294399999
307,121.433186082000006,31.201479855500001
308,121.433186082000006,31.201479855500001
309,121.434454966000004,31.201480709700000
310,121.442244602000002,31.201480932199999
311,121.442244602000002,31.201480932199999
312,121.442244602000002,31.201480932199999
313,121.442244602000002,31.201480932199999
314,121.433203172000006,31.201482754200001
315,121.436876729000005,31.201502781500000
316,121.436867531999994,31.201506962900002
317,121.436868720000007,31.201507321899999
318,121.436883543999997,31.201511806300001
319,121.434018441000006,31.201519760899998
320,121.444007037999995,31.201525387600000
321,121.444244828999999,31.201525750199998
322,121.440902981999997,31.201540827799999
323,121.438729034000005,31.201544024800000
324,121.440023288999996,31.201554416200000
325,121.438763612000002,31.201556912899999
326,121.434073499999997,31.201558291700000
327,121.434073499999997,31.201558291700000
328,121.434073499999997,31.201558291700000
329,121.439321364999998,31.201567706700001
330,121.440890332999999,31.201570233799998
331,121.436847377000007,31.201580002499998
332,121.446346399000006,31.201597965900000
333,121.432964393999995,31.201609468699999
334,121.431882731000002,31.201609827399999
335,121.431882731000002,31.201609827399999
336,121.431882731000002,31.201609827399999
337,121.439498506999996,31.201622117399999
338,121.438649084000005,31.201622920300000
339,121.435757874000004,31.201623041000001
340,121.443525858000001,31.201624407200001
341,121.445822852000006,31.201624459500000
342,121.442663542999995,31.201630690100000
343,121.441962563999994,31.201638924299999
344,121.432590142999999,31.201647699999999
345,121.432590142999999,31.201647699999999
346,121.432590142999999,31.201647699999999
347,121.437383085999997,31.201649815000000
348,121.440059715000004,31.201655333600002
349,121.444669460000000,31.201664996700000
350,121.433063630000007,31.201667118300001
351,121.437470781000002,31.201673789000001
352,121.437470781000002,31.201673789000001
353,121.434277578999996,31.201685105700001
354,121.433902463999999,31.201693780199999
355,121.443630580999994,31.201719135699999
356,121.443093916999999,31.201719398700000
357,121.443362968000002,31.201721585400001
358,121.443362968000002,31.201721585400001
359,121.443362968000002,31.201721585400001
360,121.433944494000002,31.201723192900001
361,121.433944494000002,31.201723192900001
362,121.433944494000002,31.201723192900001
363,121.438301688999999,31.201723961900001
364,121.439244028000005,31.201735975500000
365,121.439680211999999,31.201738042599999
366,121.445765706000003,31.201741562999999
367,121.445813233999999,31.201750471099999
368,121.433558282999996,31.201754930100002
369,121.446833976999997,31.201764584900001
370,121.435557983999999,31.201768913199999
371,121.446405333000001,31.201789255700000
372,121.441662695000005,31.201793569399999
373,121.434460459999997,31.201797400099998
374,121.434460459999997,31.201797400099998
375,121.434460459999997,31.201797400099998
376,121.435674888999998,31.201801100200001
377,121.437972787000007,31.201804747699999
378,121.439298549000000,31.201805109300000
379,121.435148441999999,31.201816863900000
380,121.440780477999994,31.201826251600000
381,121.440780477999994,31.201826251600000
382,121.444951931000006,31.201828893300000
383,121.432985485000003,31.201831015200000
384,121.432331298999998,31.201842878899999
385,121.434064454999998,31.201852172300001
386,121.441835940999994,31.201865402100001
387,121.441835940999994,31.201865402100001
388,121.441835940999994,31.201865402100001
389,121.440442106999996,31.201877682999999
390,121.442538669000001,31.201877923700000
391,121.432417744999995,31.201886404200000
392,121.432987678999993,31.201891373599999
393,121.438439424999999,31.201901470599999
394,121.434772310000000,31.201908248199999
395,121.444070174000004,31.201916172899999
396,121.443051671000006,31.201920122899999
397,121.438460372999998,31.201932427999999
398,121.438459541000000,31.201932659299999
399,121.438459541000000,31.201932659299999
400,121.438459629999997,31.201932683199999
401,121.447320066000003,31.201934423699999
402,121.442072507999995,31.201939233000001
403,121.442072507999995,31.201939233000001
404,121.438456341000006,31.201941095500001
405,121.438456341000006,31.201941095500001
406,121.443341441000001,31.201941685400001
407,121.443341441000001,31.201941685400001
408,121.443341441000001,31.201941685400001
409,121.443341441000001,31.201941685400001
410,121.443438096999998,31.201942273299998
411,121.444051215000002,31.201943083000000
412,121.444051215000002,31.201943083000000
413,121.444051215000002,31.201943083000000
414,121.438534015000002,31.201947710399999
415,121.439620872000006,31.201953011299999
416,121.439620872000006,31.201953011299999
417,121.439620872000006,31.201953011299999
418,121.443579389999996,31.201957012400001
419,121.440723087999999,31.201964505999999
420,121.440936622999999,31.201968252400000
421,121.444590535000003,31.201974507599999
422,121.442238200000006,31.201974884399998
423,121.434309951000003,31.201980609500001
424,121.434309951000003,31.201980609500001
425,121.434309951000003,31.201980609500001
426,121.445445522000000,31.201981915800001
427,121.438380187000007,31.202002613800001
428,121.446863870000001,31.202004132900001
429,121.436673433999999,31.202005478899999
430,121.439835912000007,31.202008438099998
431,121.439835912000007,31.202008438099998
432,121.439835912000007,31.202008438099998
433,121.433942782000003,31.202015706099999
434,121.437605058000003,31.202030807700002
435,121.435542034999997,31.202034137399998
436,121.437161947999996,31.202038410000000
437,121.440235345999994,31.202048315300001
438,121.442457740999998,31.202049239400001
439,121.442457740999998,31.202049239400001
440,121.439044726999995,31.202051203200000
441,121.431779262999996,31.202051991899999
442,121.435019423000000,31.202055139700001
443,121.435019423000000,31.202055139700001
444,121.445723881999996,31.202073346599999
445,121.445723881999996,31.202073346599999
446,121.445723881999996,31.202073346599999
447,121.440384491000003,31.202081631999999
448,121.439189927000001,31.202082257200001
449,121.440684172999994,31.202083739199999
450,121.432772412999995,31.202086993399998
451,121.433651694999995,31.202097465000001
452,121.439543947999994,31.202097709699999
453,121.439543947999994,31.202097709699999
454,121.439543947999994,31.202097709699999
455,121.438586158000007,31.202102912600001
456,121.441436319000005,31.202103485199999
457,121.447806438000001,31.202103647100000
458,121.441749893999997,31.202103725299999
459,121.441749893999997,31.202103725299999
460,121.441749893999997,31.202103725299999
461,121.443051745999995,31.202125371000001
462,121.438609718999999,31.202134846200000
463,121.438609718999999,31.202134846200000
464,121.439792892000000,31.202136775600000
465,121.439792892000000,31.202136775600000
466,121.439792892000000,31.202136775600000
467,121.433829735000003,31.202139554199999
468,121.443431392999997,31.202142751600000
469,121.443319915999993,31.202143439800000
470,121.443319915999993,31.202143439800000
471,121.443319915999993,31.202143439800000
472,121.443319915999993,31.202143439800000
473,121.434180943000001,31.202145508800001
474,121.434180943000001,31.202145508800001
475,121.434180943000001,31.202145508800001
476,121.438072960000000,31.202151856699999
477,121.438072960000000,31.202151856699999
478,121.439483042000006,31.202158784600002
479,121.433600480999999,31.202162931600000
480,121.433600480999999,31.202162931600000
481,121.433600480999999,31.202162931600000
482,121.439552066999994,31.202166080200001
483,121.445845598999995,31.202170728399999
484,121.442383786999997,31.202179396700000
485,121.443881399999995,31.202184391599999
486,121.446211934000004,31.202186492199999
487,121.441986458000002,31.202195900700001
488,121.441986458000002,31.202195900700001
489,121.441986458000002,31.202195900700001
490,121.444008174999993,31.202199829600001
491,121.444008174999993,31.202199829600001
492,121.444008174999993,31.202199829600001
493,121.444007847999998,31.202201223900001
494,121.444007847999998,31.202201223900001
495,121.444007847999998,31.202201223900001
496,121.446976548999999,31.202205867000000
497,121.446976548999999,31.202205867000000
498,121.446976548999999,31.202205867000000
499,121.439770623000001,31.202211758400001
500,121.432998534000006,31.202217024999999
501,121.444338023000000,31.202222605100001
502,121.442929899000006,31.202230248199999
503,121.448293617999994,31.202271166100001
504,121.440060518999999,31.202277313000000
505,121.438719835000001,31.202280453499998
506,121.438719835000001,31.202280453499998
507,121.438048108000004,31.202285490500000
508,121.434781508000000,31.202286741900000
509,121.433126525000006,31.202288080500001
510,121.443276886999996,31.202290116499999
511,121.443276886999996,31.202290116499999
512,121.443276886999996,31.202290116499999
513,121.434051937999996,31.202292063500000
514,121.434051937999996,31.202292063500000
515,121.434051937999996,31.202292063500000
516,121.435406544000003,31.202294341500000
517,121.435406544000003,31.202294341500000
518,121.443412252000002,31.202301927499999
519,121.442212627999993,31.202304751700002
520,121.441461301000004,31.202305675200002
521,121.445619547000007,31.202330726000000
522,121.445619547000007,31.202330726000000
523,121.439269748000001,31.202330772700002
524,121.445618042000007,31.202335337299999
525,121.444740452999994,31.202364202999998
526,121.446596041999996,31.202366483399999
527,121.438289126000001,31.202368604499998
528,121.437295990999999,31.202369692700000
529,121.447457717999995,31.202370542000001
530,121.446314962000002,31.202372099200002
531,121.440567045999998,31.202395029400002
532,121.440567045999998,31.202395029400002
533,121.440567045999998,31.202395029400002
534,121.440571461000005,31.202396511200000
535,121.444436175000007,31.202405450800001
536,121.442716763000007,31.202415215599999
537,121.443233860000007,31.202418448000000
538,121.443233860000007,31.202418448000000
539,121.443233860000007,31.202418448000000
540,121.443881891999993,31.202419817599999
541,121.433353478000001,31.202420836300000
542,121.439283447999998,31.202423178499998
543,121.436904795000004,31.202430459999999
544,121.441438149999996,31.202433028100000
545,121.441792879000005,31.202434018600002
546,121.441792879000005,31.202434018600002
547,121.441792879000005,31.202434018600002
548,121.448781054999998,31.202438131600001
549,121.433944431000000,31.202438652800002
550,121.433944431000000,31.202438652800002
551,121.433944431000000,31.202438652800002
552,121.435328870000006,31.202446262399999
553,121.443481071999997,31.202455258699999
554,121.444254418000000,31.202460935500000
555,121.438866638999997,31.202466163800000
556,121.438866638999997,31.202466163800000
557,121.438863462000000,31.202466504400000
558,121.438863631000004,31.202466723800001
559,121.438873913999998,31.202480042900000
560,121.443233853999999,31.202491828300001
561,121.443233853999999,31.202491828300001
562,121.443233853999999,31.202491828300001
563,121.431676236000001,31.202494235200000
564,121.433025061999999,31.202519206300000
565,121.438343047000004,31.202524121000000
566,121.441749857999994,31.202525662199999
567,121.441749857999994,31.202525662199999
568,121.441749857999994,31.202525662199999
569,121.433564335000000,31.202536643399998
570,121.431720890999998,31.202547306600000
571,121.434168436999997,31.202549182500000
572,121.441059750999997,31.202561616400001
573,121.441061239000007,31.202562129299999
574,121.441061239000007,31.202562129299999
575,121.441061239000007,31.202562129299999
576,121.442179085000006,31.202562707999999
577,121.442818652000000,31.202563415099998
578,121.442180561000001,31.202563496300002
579,121.441889799999998,31.202582848700001
580,121.435005016999995,31.202585069900000
581,121.440483310999994,31.202585318899999
582,121.449271288999995,31.202598938600001
583,121.444631897999997,31.202604663500001
584,121.444631897999997,31.202604663500001
585,121.444631897999997,31.202604663500001
586,121.442363976999999,31.202619025299999
587,121.443190826999995,31.202620159599999
588,121.443190826999995,31.202620159599999
589,121.443190826999995,31.202620159599999
590,121.443190826999995,31.202620159599999
591,121.447406741999998,31.202628704599999
592,121.447406741999998,31.202628704599999
593,121.447406741999998,31.202628704599999
594,121.445941734000002,31.202633873600000
595,121.441251352999998,31.202641364100000
596,121.441251352999998,31.202641364100000
597,121.441251352999998,31.202641364100000
598,121.441018639999996,31.202652700500000
599,121.441018639999996,31.202652700500000
600,121.433770858000003,31.202660445900001
601,121.440587359000006,31.202673377000000
602,121.447818014000006,31.202674215500000
603,121.443373003999994,31.202675610699998
604,121.447643366999998,31.202684237800000
605,121.447643366999998,31.202684237800000
606,121.447643366999998,31.202684237800000
607,121.437811823000004,31.202688196899999
608,121.444955578000005,31.202688973400001
609,121.448725862000003,31.202690213499999
610,121.439882105999999,31.202705635499999
611,121.432195057000001,31.202732256000001
612,121.443639316000002,31.202736225700001
613,121.446589302000007,31.202737068400001
614,121.446589302000007,31.202737068400001
615,121.446589302000007,31.202737068400001
616,121.439728324000001,31.202760390100000
617,121.439728324000001,31.202760390100000
618,121.439728324000001,31.202760390100000
619,121.441190676999994,31.202763092700000
620,121.441190676999994,31.202763092700000
621,121.449759791000005,31.202763543200000
622,121.445464763000004,31.202766685600000
623,121.439072636999995,31.202780589900001
624,121.434005013999993,31.202781333899999
625,121.437087809999994,31.202783699200001
626,121.437076684000004,31.202797556800000
627,121.444567352999997,31.202806329500000
628,121.444567352999997,31.202806329500000
629,121.444567352999997,31.202806329500000
630,121.434051628000006,31.202806629099999
631,121.434051628000006,31.202806629099999
632,121.445459815999996,31.202807129400000
633,121.446546003999998,31.202830954500001
634,121.436664698000001,31.202831497100000
635,121.441151407000007,31.202835586999999
636,121.440381096999999,31.202836594800001
637,121.432375058000005,31.202839796599999
638,121.432375058000005,31.202839796599999
639,121.448215654999998,31.202844598999999
640,121.432405414000002,31.202844777399999
641,121.445434856000006,31.202854286699999
642,121.435423791999995,31.202855802399998
643,121.435113677999993,31.202857579800000
644,121.439153110000007,31.202861901399999
645,121.439602679000004,31.202877082499999
646,121.442692734000005,31.202880206600000
647,121.444550488999994,31.202885369899999
648,121.449582022000001,31.202888214900000
649,121.441688705000004,31.202889854100000
650,121.449051006999994,31.202892354700001
651,121.442717637000001,31.202894415900001
652,121.442717637000001,31.202894415900001
653,121.442717637000001,31.202894415900001
654,121.438026343000004,31.202899746600000
655,121.445006442999997,31.202901945099999
656,121.444146685999996,31.202916479199999
657,121.447062532000004,31.202921503300001
658,121.447062532000004,31.202921503300001
659,121.447062532000004,31.202921503300001
660,121.447574755999995,31.202924564300002
661,121.432919702000007,31.202926932499999
662,121.443708607000005,31.202944498299999
663,121.450239986000000,31.202945360600001
664,121.443341353999998,31.202950663700001
665,121.443341353999998,31.202950663700001
666,121.443341353999998,31.202950663700001
667,121.433064960999999,31.202951782100001
668,121.433064960999999,31.202951782100001
669,121.433064960999999,31.202951782100001
670,121.449321329000000,31.202963001299999
671,121.449321329000000,31.202963001299999
672,121.449321329000000,31.202963001299999
673,121.431612573999999,31.202964195400000
674,121.449477196000004,31.202968943300000
675,121.449477196000004,31.202968943300000
676,121.449477196000004,31.202968943300000
677,121.441973939999997,31.202977833900000
678,121.443083256999998,31.202986849999998
679,121.443083256999998,31.202986849999998
680,121.443083256999998,31.202986849999998
681,121.443599350000000,31.202988066300001
682,121.443599350000000,31.202988066300001
683,121.443599350000000,31.202988066300001
684,121.440307348000005,31.202999100500001
685,121.440307348000005,31.202999100500001
686,121.440302693000007,31.203008727800000
687,121.449993731000006,31.203014635199999
688,121.434448015000001,31.203023045300000
689,121.433077393000005,31.203023063400000
690,121.441943371999997,31.203039690099999
691,121.441965522000004,31.203044312900001
692,121.433569637000005,31.203056098000001
693,121.440437955999997,31.203073556100001
694,121.440437955999997,31.203073556100001
695,121.437575535999997,31.203090902900001
696,121.438760356000003,31.203098551600000
697,121.444878480000000,31.203099262500000
698,121.449309959999994,31.203109798400000
699,121.449309959999994,31.203109798400000
700,121.449309959999994,31.203109798400000
701,121.448780475000007,31.203116742999999
702,121.436696376000000,31.203121949500002
703,121.436696376000000,31.203121949500002
704,121.440241580999995,31.203126596800001
705,121.450718780000003,31.203129889900001
706,121.448634971999994,31.203134348999999
707,121.443663959999995,31.203134746300002
708,121.443663959999995,31.203134746300002
709,121.443663959999995,31.203134746300002
710,121.444129447999998,31.203138176800000
711,121.440002375000006,31.203145011600000
712,121.439383125000006,31.203145710299999
713,121.439383125000006,31.203145710299999
714,121.436741361000003,31.203147058700001
715,121.442475426000001,31.203150732000001
716,121.432082972000003,31.203151216700000
717,121.432095572999998,31.203151235800000
718,121.432095572999998,31.203151235800000
719,121.432095572999998,31.203151235800000
720,121.444361732000004,31.203151459499999
721,121.437181042000006,31.203156079199999
722,121.432104375999998,31.203157822700000
723,121.439130211999995,31.203159258399999
724,121.435735988000005,31.203163152300000
725,121.449289460000003,31.203167706599999
726,121.433102220999999,31.203169457300000
727,121.433102220999999,31.203169457300000
728,121.443865858999999,31.203173087800000
729,121.434221535000006,31.203185159600000
730,121.440030737000001,31.203185549800001
731,121.442652949999996,31.203188388600001
732,121.433471401999995,31.203190049500002
733,121.433471401999995,31.203190049500002
734,121.445842928999994,31.203207135300001
735,121.433514395000003,31.203226806899998
736,121.433514395000003,31.203226806899998
737,121.439450246999996,31.203233592099998
738,121.440926728999997,31.203237619599999
739,121.439693071999997,31.203238101000000
740,121.431468038999995,31.203239057400001
741,121.446352637999993,31.203250237799999
742,121.446352637999993,31.203250237799999
743,121.446352637999993,31.203250237799999
744,121.437835484000004,31.203252163700000
745,121.437835484000004,31.203252163700000
746,121.437835484000004,31.203252163700000
747,121.439212179999998,31.203254769800001
748,121.439212179999998,31.203254769800001
749,121.442985378000003,31.203256952899999
750,121.442997202000001,31.203261856800001
751,121.434890319999994,31.203265700500001
752,121.434890319999994,31.203265700500001
753,121.434890319999994,31.203265700500001
754,121.434890319999994,31.203265700500001
755,121.446868899999998,31.203269653400000
756,121.446868899999998,31.203269653400000
757,121.446868899999998,31.203269653400000
758,121.445024574000001,31.203279684900000
759,121.446933844000000,31.203280045800000
760,121.434042278000007,31.203282320600000
761,121.445298962999999,31.203284960100000
762,121.445298962999999,31.203284960100000
763,121.448138092999997,31.203290669800001
764,121.448138092999997,31.203290669800001
765,121.448138092999997,31.203290669800001
766,121.449110332000004,31.203302642000001
767,121.443231702999995,31.203302661799999
768,121.451369513000003,31.203306788100001
769,121.433472406000007,31.203307346900001
770,121.451198352000006,31.203312870900000
771,121.433664875000005,31.203318768799999
772,121.433664875000005,31.203318768799999
773,121.433664875000005,31.203318768799999
774,121.448127181999993,31.203319718700001
775,121.445169570999994,31.203321199700000
776,121.445169570999994,31.203321199700000
777,121.433669570000006,31.203322040900002
778,121.450763534000004,31.203330811499999
779,121.440672913000000,31.203331971699999
780,121.443508016999999,31.203344594499999
781,121.443508016999999,31.203344594499999
782,121.443508016999999,31.203344594499999
783,121.441785332999999,31.203353883700000
784,121.445276374000002,31.203357852700002
785,121.445276374000002,31.203357852700002
786,121.447449702000000,31.203362593500000
787,121.447449702000000,31.203362593500000
788,121.447449702000000,31.203362593500000
789,121.448597118999999,31.203365021300002
790,121.431687120999996,31.203370759300000
791,121.431687120999996,31.203370759300000
792,121.431687120999996,31.203370759300000
793,121.443491872999999,31.203372892099999
794,121.443491872999999,31.203372892099999
795,121.443484702000006,31.203378303499999
796,121.438328896000002,31.203381610699999
797,121.438352033000001,31.203381658200001
798,121.438352033000001,31.203381658200001
799,121.438352033000001,31.203381658200001
800,121.438352033000001,31.203381658200001
801,121.438351979999993,31.203381699400001
802,121.438351979999993,31.203381699400001
803,121.438351979999993,31.203381699400001
804,121.445266669999995,31.203389481999999
805,121.434814098999993,31.203389721099999
806,121.437181436000003,31.203392692500000
807,121.440119210000006,31.203404494200001
808,121.432535063000003,31.203408382700001
809,121.433131158999998,31.203415283599998
810,121.446782842999994,31.203416233500000
811,121.446782842999994,31.203416233500000
812,121.446782842999994,31.203416233500000
813,121.440110177999998,31.203428154499999
814,121.443678980000001,31.203436525299999
815,121.438389294000004,31.203440010900000
816,121.449865647999999,31.203450824299999
817,121.451091371999993,31.203457002699999
818,121.452292576999994,31.203458127000001
819,121.452281748999994,31.203470321400001
820,121.431332678000004,31.203478848200000
821,121.451685873000002,31.203479591200001
822,121.449451924000002,31.203484585399998
823,121.446739813999997,31.203489523599998
824,121.446739813999997,31.203489523599998
825,121.446739813999997,31.203489523599998
826,121.452402657999997,31.203489628400000
827,121.446070069000001,31.203490815700000
828,121.448568053000002,31.203493391599999
829,121.448568053000002,31.203493391599999
830,121.436410140999996,31.203499957199998
831,121.452397693999998,31.203502395400001
832,121.434417314000001,31.203503417899999
833,121.434417314000001,31.203503417899999
834,121.434417314000001,31.203503417899999
835,121.444739365999993,31.203503781900000
836,121.444739365999993,31.203503781900000
837,121.444739365999993,31.203503781900000
838,121.451763702999997,31.203505118799999
839,121.451763702999997,31.203505118799999
840,121.435326817999993,31.203511179300001
841,121.444831239999999,31.203519638400000
842,121.443920267999999,31.203523006400001
843,121.435771798999994,31.203523981000000
844,121.435771798999994,31.203523981000000
845,121.435771798999994,31.203523981000000
846,121.450382571000006,31.203528901199999
847,121.448761938999994,31.203530486900000
848,121.448761938999994,31.203530486900000
849,121.448761938999994,31.203530486900000
850,121.440081449999994,31.203534039699999
851,121.431439651000005,31.203536945600000
852,121.432687328000000,31.203538267799999
853,121.440614823000004,31.203552235600000
854,121.441685695000004,31.203553075500000
855,121.441685695000004,31.203553075500000
856,121.441685695000004,31.203553075500000
857,121.437667701999999,31.203553989000000
858,121.432736958000007,31.203560374599999
859,121.432158387000001,31.203568048200001
860,121.443433979000005,31.203571971300001
861,121.437646029999996,31.203602164900001
862,121.439729150999995,31.203603869999998
863,121.439729150999995,31.203603869999998
864,121.447246776000000,31.203605875200001
865,121.434077152000000,31.203606093200001
866,121.431250134999999,31.203607065600000
867,121.432267507000006,31.203610119299999
868,121.432267507000006,31.203610119299999
869,121.432267507000006,31.203610119299999
870,121.439735432000006,31.203612185600001
871,121.452184772999999,31.203618669600001
872,121.444150273000005,31.203633041400000
873,121.439496253000002,31.203633981199999
874,121.441646784000000,31.203635404800000
875,121.447385143000005,31.203637630999999
876,121.447385143000005,31.203637630999999
877,121.447385143000005,31.203637630999999
878,121.447385143000005,31.203637630999999
879,121.437677438999998,31.203643267299999
880,121.434664161000001,31.203648525199998
881,121.438792433000003,31.203659888400001
882,121.451686749000004,31.203664087300002
883,121.451687852000006,31.203665329700002
884,121.451687852000006,31.203665329700002
885,121.451687852000006,31.203665329700002
886,121.443408868000006,31.203666681200001
887,121.443408868000006,31.203666681200001
888,121.443408868000006,31.203666681200001
889,121.435636940999999,31.203694127599999
890,121.445159544999996,31.203705072599998
891,121.445169324999995,31.203706387600000
892,121.445853327999998,31.203706658400002
893,121.440892128000002,31.203707165299999
894,121.438115465999999,31.203711440900001
895,121.438115465999999,31.203711440900001
896,121.438115465999999,31.203711440900001
897,121.445203887999995,31.203713835700000
898,121.439556206999995,31.203714013300001
899,121.439556206999995,31.203714013300001
900,121.431429137999999,31.203718926499999
901,121.431429137999999,31.203718926499999
902,121.431429137999999,31.203718926499999
903,121.436054522000006,31.203723808900001
904,121.447897294000001,31.203735769400001
905,121.441599209000003,31.203736143099999
906,121.441599209000003,31.203736143099999
907,121.452688219999999,31.203745782700000
908,121.447965956000004,31.203748926100001
909,121.447965956000004,31.203748926100001
910,121.447965956000004,31.203748926100001
911,121.438100468000002,31.203749792200000
912,121.435752809999997,31.203759097199999
913,121.435752809999997,31.203759097199999
914,121.442150835000007,31.203761493599998
915,121.435761205999995,31.203764135499998
916,121.444657481999997,31.203771934599999
917,121.434566480000001,31.203787357200000
918,121.432277591000002,31.203790706100001
919,121.432549094999999,31.203794510300000
920,121.433180774999997,31.203796882300001
921,121.437512372000000,31.203808747499998
922,121.431878158000004,31.203810188900000
923,121.431605286999996,31.203811702199999
924,121.452247407000002,31.203812775799999
925,121.452246676000001,31.203815048900001
926,121.450246440000001,31.203827039000000
927,121.450246440000001,31.203827039000000
928,121.450246440000001,31.203827039000000
929,121.450314614000007,31.203844036900001
930,121.450314614000007,31.203844036900001
931,121.450314614000007,31.203844036900001
932,121.450317053999996,31.203848588800000
933,121.450426143000001,31.203848993499999
934,121.440466112999999,31.203849824999999
935,121.439925793000000,31.203850255500001
936,121.437354976999998,31.203853347700001
937,121.444604521000002,31.203858751300000
938,121.443377153000000,31.203866808699999
939,121.450878220000007,31.203868394800001
940,121.449017814000001,31.203872134099999
941,121.446503160000006,31.203874274499999
942,121.446503160000006,31.203874274499999
943,121.446503160000006,31.203874274499999
944,121.453190051999997,31.203877522700001
945,121.446333662000001,31.203881511300001
946,121.448492267999995,31.203898398300002
947,121.432074010999997,31.203903342699999
948,121.432074010999997,31.203903342699999
949,121.432074010999997,31.203903342699999
950,121.432074010999997,31.203903342699999
951,121.437446666000000,31.203910656100000
952,121.437446666000000,31.203910656100000
953,121.440201328000001,31.203916984300001
954,121.440201328000001,31.203916984300001
955,121.440201328000001,31.203916984300001
956,121.441504710999993,31.203919556399999
957,121.452723125999995,31.203920411300000
958,121.445540160999997,31.203925418600001
959,121.434665973999998,31.203931547700002
960,121.443368809000006,31.203933609200000
961,121.442068832000004,31.203937336500001
962,121.452812804000004,31.203938044600001
963,121.443750641999998,31.203942253600001
964,121.433137751000004,31.203943312600000
965,121.441498422999999,31.203950301999999
966,121.452038297000001,31.203955723699998
967,121.432159992999999,31.203958507399999
968,121.432159992999999,31.203958507399999
969,121.432159992999999,31.203958507399999
970,121.440935073999995,31.203958943400000
971,121.433170938000004,31.203960275299998
972,121.433170938000004,31.203960275299998
973,121.443360885000004,31.203977232700002
974,121.443360885000004,31.203977232700002
975,121.436750253000000,31.203985403099999
976,121.440021189000007,31.203990461899998
977,121.451607136999996,31.203997447500001
978,121.437386183000001,31.204004465499999
979,121.437386183000001,31.204004465499999
980,121.436802147999998,31.204005088100001
981,121.436201951000001,31.204008764800001
982,121.441731724999997,31.204013061500000
983,121.453690006000002,31.204014466699999
984,121.436223146000003,31.204020473000000
985,121.436223146000003,31.204020473000000
986,121.443352765000000,31.204021937200000
987,121.447901395000002,31.204023961299999
988,121.447901395000002,31.204023961299999
989,121.447901395000002,31.204023961299999
990,121.440040283000002,31.204025331499999
991,121.442287394000004,31.204030971200002
992,121.442287394000004,31.204030971200002
993,121.439032654000002,31.204046358500001
994,121.450784188000000,31.204048555000000
995,121.450784188000000,31.204048555000000
996,121.450784188000000,31.204048555000000
997,121.446984065999999,31.204054708600001
998,121.453261702999995,31.204063321800000
999,121.447217871999996,31.204065125800000
1000,121.445706603999994,31.204074240299999
1001,121.437534865000003,31.204077322800000
1002,121.437534865000003,31.204077322800000
1003,121.449450313000000,31.204082318400001
1004,121.449450313000000,31.204082318400001
1005,121.449450313000000,31.204082318400001
1006,121.441430978000000,31.204103857200000
1007,121.453389251999994,31.204106913699999
1008,121.445040445000004,31.204109766900000
1009,121.445040445000004,31.204109766900000
1010,121.439590444000004,31.204112360300002
1011,121.443854423999994,31.204126493600000
1012,121.447191496000002,31.204132534599999
1013,121.447191496000002,31.204132534599999
1014,121.447191496000002,31.204132534599999
1015,121.447191496000002,31.204132534599999
1016,121.440763141000005,31.204134811999999
1017,121.432579090999994,31.204135362199999
1018,121.433521189999993,31.204140753800001
1019,121.443921955999997,31.204144321200001
1020,121.443921955999997,31.204144321200001
1021,121.437293776999994,31.204147794600001
1022,121.454181899999995,31.204157903399999
1023,121.454186789000005,31.204159475099999
1024,121.435523692999993,31.204164761099999
1025,121.435105066999995,31.204178481200000
1026,121.437986408000000,31.204188178700001
1027,121.448103161999995,31.204188781799999
1028,121.434331599000004,31.204190616100000
1029,121.451557858000001,31.204196616099999
1030,121.451557858000001,31.204196616099999
1031,121.443504051000005,31.204200574800002
1032,121.454894960000004,31.204201119099999
1033,121.454887326999994,31.204210115999999
1034,121.442201350999994,31.204214253200000
1035,121.442201350999994,31.204214253200000
1036,121.442201350999994,31.204214253200000
1037,121.444610248999993,31.204218970700001
1038,121.444610248999993,31.204218970700001
1039,121.439513153999997,31.204227589399999
1040,121.439513153999997,31.204227589399999
1041,121.439513153999997,31.204227589399999
1042,121.449679085000000,31.204232882599999
1043,121.444999386999996,31.204234004900002
1044,121.452161145999995,31.204235084800001
1045,121.452161145999995,31.204235084800001
1046,121.452161145999995,31.204235084800001
1047,121.440725047000001,31.204236198299999
1048,121.446195369999998,31.204238329500001
1049,121.444318233000004,31.204239264000002
1050,121.446201978000005,31.204240548200001
1051,121.446201978000005,31.204240548200001
1052,121.446201978000005,31.204240548200001
1053,121.437244453999995,31.204242068399999
1054,121.437235177999995,31.204242715800000
1055,121.437883799000005,31.204244926499999
1056,121.450074197999996,31.204247912300001
1057,121.433190104000005,31.204252642899998
1058,121.436642770000006,31.204253415200000
1059,121.439706114000003,31.204259824299999
1060,121.443900455000005,31.204272583400002
1061,121.443900455000005,31.204272583400002
1062,121.443900455000005,31.204272583400002
1063,121.452115397000000,31.204273447199999
1064,121.453301503999995,31.204274373000001
1065,121.453301503999995,31.204274373000001
1066,121.453301503999995,31.204274373000001
1067,121.445618589999995,31.204275338300000
1068,121.446297549999997,31.204282993300001
1069,121.433204265000001,31.204283956200001
1070,121.452541491000005,31.204284590800000
1071,121.433194387000000,31.204288997900001
1072,121.433194387000000,31.204288997900001
1073,121.433195319000006,31.204296905800000
1074,121.430929145999997,31.204298357999999
1075,121.439694596999999,31.204299745299998
1076,121.450547506000007,31.204304858099999
1077,121.450547506000007,31.204304858099999
1078,121.450547506000007,31.204304858099999
1079,121.442437920000003,31.204306431199999
1080,121.442437920000003,31.204306431199999
1081,121.442437920000003,31.204306431199999
1082,121.442437920000003,31.204306431199999
1083,121.454676027000005,31.204322399300001
1084,121.445350637999994,31.204324128000000
1085,121.433680116000005,31.204326747400000
1086,121.448408270000002,31.204343606799998
1087,121.455411669000000,31.204347725500000
1088,121.446857690000002,31.204351027400001
1089,121.445379153000005,31.204353845499998
1090,121.455403387999993,31.204357739599999
1091,121.455476880000006,31.204366227700000
1092,121.444958162000006,31.204367125600001
1093,121.444958162000006,31.204367125600001
1094,121.444958162000006,31.204367125600001
1095,121.453574840000002,31.204367404300001
1096,121.440306952000000,31.204368735199999
1097,121.447793805000003,31.204372283900000
1098,121.447793805000003,31.204372283900000
1099,121.447793805000003,31.204372283900000
1100,121.452689203000006,31.204374898200001
1101,121.455475437000004,31.204377902899999
1102,121.433492798000003,31.204382496699999
1103,121.433492798000003,31.204382496699999
1104,121.442674491999995,31.204398610199998
1105,121.442674491999995,31.204398610199998
1106,121.442674491999995,31.204398610199998
1107,121.443275690999997,31.204399574499998
1108,121.443275690999997,31.204399574499998
1109,121.448395532000006,31.204410171300001
1110,121.448395532000006,31.204410171300001
1111,121.442745461000001,31.204419702300001
1112,121.452677514000001,31.204419703700001
1113,121.452677514000001,31.204419703700001
1114,121.452677514000001,31.204419703700001
1115,121.450972097000005,31.204420719800002
1116,121.452010002999998,31.204425485800002
1117,121.439594736000004,31.204428074199999
1118,121.447579896999997,31.204432231199998
1119,121.451494095000001,31.204437867599999
1120,121.440839956000005,31.204438105400001
1121,121.447600191000006,31.204445253900001
1122,121.447600191000006,31.204445253900001
1123,121.447600191000006,31.204445253900001
1124,121.433205207000000,31.204458849600002
1125,121.450218507000002,31.204458858199999
1126,121.436158730000002,31.204464628000000
1127,121.439661186999999,31.204464931299999
1128,121.448915298000003,31.204470210299998
1129,121.441235782000007,31.204470778099999
1130,121.441235782000007,31.204470778099999
1131,121.443685352000003,31.204473960300000
1132,121.436244001000006,31.204474085400001
1133,121.446072893999997,31.204478764000001
1134,121.446072893999997,31.204478764000001
1135,121.446072893999997,31.204478764000001
1136,121.453080091999993,31.204480966700000
1137,121.447750771000003,31.204482261199999
1138,121.447750771000003,31.204482261199999
1139,121.447750771000003,31.204482261199999
1140,121.455166504000005,31.204482454499999
1141,121.433363799000006,31.204492362200000
1142,121.433363799000006,31.204492362200000
1143,121.433363799000006,31.204492362200000
1144,121.443857417000004,31.204492644300000
1145,121.443857417000004,31.204492644300000
1146,121.443857417000004,31.204492644300000
1147,121.454061675999995,31.204497402600001
1148,121.437083286000004,31.204498472200001
1149,121.437083286000004,31.204498472200001
1150,121.444592694999997,31.204501064900001
1151,121.442593095000007,31.204513491800000
1152,121.449377988999998,31.204529039200001
1153,121.434146764000005,31.204530477999999
1154,121.447737953000001,31.204534138400000
1155,121.446589146999997,31.204534863599999
1156,121.446589146999997,31.204534863599999
1157,121.446589146999997,31.204534863599999
1158,121.433523417999993,31.204566394499999
1159,121.431350821999999,31.204566778699999
1160,121.443240861000007,31.204567558000001
1161,121.444909495000005,31.204567680600000
1162,121.444909495000005,31.204567680600000
1163,121.433955198999996,31.204580520800000
1164,121.436697846000001,31.204582454200001
1165,121.445780016000001,31.204583211500001
1166,121.434089100999998,31.204590263000000
1167,121.442320428000002,31.204595150500001
1168,121.456355869000006,31.204607518500001
1169,121.433247535000007,31.204610397800000
1170,121.455669291999996,31.204610450200001
1171,121.444010516999995,31.204619803500002
1172,121.443645644000000,31.204620595600002
1173,121.449902053000002,31.204633644499999
1174,121.449902053000002,31.204633644499999
1175,121.449902053000002,31.204633644499999
1176,121.449902053000002,31.204633644499999
1177,121.440495725999995,31.204636656200002
1178,121.443215417000005,31.204638697000000
1179,121.443215417000005,31.204638697000000
1180,121.434053102999997,31.204641565799999
1181,121.434053102999997,31.204641565799999
1182,121.446911803999996,31.204645602399999
1183,121.446911803999996,31.204645602399999
1184,121.446911803999996,31.204645602399999
1185,121.456347746000006,31.204648006900001
1186,121.439461394999995,31.204658697199999
1187,121.434019738000003,31.204678349600002
1188,121.449776593999999,31.204679216599999
1189,121.445943478000004,31.204680805500001
1190,121.441692466000006,31.204688532799999
1191,121.453129025999999,31.204700337500000
1192,121.436934893000000,31.204719813699999
1193,121.450253782000004,31.204725034100001
1194,121.456176736000003,31.204725244500001
1195,121.440591033999993,31.204747943400001
1196,121.438246195999994,31.204749150600001
1197,121.433237438000006,31.204750496599999
1198,121.433237438000006,31.204750496599999
1199,121.439737988999994,31.204762010000000
1200,121.433990864999998,31.204770093600001
1201,121.457112578999997,31.204771524900000
1202,121.438210936999994,31.204783241200001
1203,121.451235936000003,31.204783347999999
1204,121.451235936000003,31.204783347999999
1205,121.451235936000003,31.204783347999999
1206,121.457100949999997,31.204783988700001
1207,121.434288539999997,31.204784063700000
1208,121.448318684000000,31.204791686600000
1209,121.453414749000004,31.204796677000001
1210,121.451209878000000,31.204798101400002
1211,121.437468340999999,31.204799513800001
1212,121.440629802000004,31.204799645700000
1213,121.440629802000004,31.204799645700000
1214,121.454258553000003,31.204801668199998
1215,121.447403941999994,31.204802077499998
1216,121.433717306999995,31.204804245399998
1217,121.455719496000000,31.204805911200001
1218,121.442007738000001,31.204819258200001
1219,121.442007738000001,31.204819258200001
1220,121.446223574000001,31.204823515400001
1221,121.444836252000002,31.204824088500001
1222,121.446225932000004,31.204824310199999
1223,121.446225932000004,31.204824310199999
1224,121.433946625000004,31.204824510700000
1225,121.443177203000005,31.204827481799999
1226,121.447492597999997,31.204830265399998
1227,121.447492597999997,31.204830265399998
1228,121.447492597999997,31.204830265399998
1229,121.448311375000003,31.204832000200000
1230,121.450767612000007,31.204832072799999
1231,121.448376144999997,31.204832138600000
1232,121.454711860000003,31.204832230800001
1233,121.431773174000000,31.204834420699999
1234,121.448299590000005,31.204835247300000
1235,121.455699709000001,31.204837608500000
1236,121.455699709000001,31.204837608500000
1237,121.455699709000001,31.204837608500000
1238,121.451396001999996,31.204840007000001
1239,121.441069830000004,31.204841394300001
1240,121.456682896999993,31.204844154200000
1241,121.452534830999994,31.204853735299999
1242,121.441064273999999,31.204855365299998
1243,121.437616801999994,31.204864667999999
1244,121.438471106999998,31.204865676499999
1245,121.442655701000007,31.204868681899999
1246,121.452328660000006,31.204870368000002
1247,121.451377416000000,31.204877596799999
1248,121.452376248999997,31.204877635999999
1249,121.452376248999997,31.204877635999999
1250,121.452376248999997,31.204877635999999
1251,121.452526860999996,31.204877977900001
1252,121.452526860999996,31.204877977900001
1253,121.452526860999996,31.204877977900001
1254,121.436844968000003,31.204883382700000
1255,121.446804227000001,31.204883858900001
1256,121.446804227000001,31.204883858900001
1257,121.446804227000001,31.204883858900001
1258,121.437577325000007,31.204884718100001
1259,121.437577325000007,31.204884718100001
1260,121.437577325000007,31.204884718100001
1261,121.432783548000003,31.204887572400001
1262,121.450741085999994,31.204892315999999
1263,121.450741085999994,31.204892315999999
1264,121.450741085999994,31.204892315999999
1265,121.450741085999994,31.204892315999999
1266,121.433253889000000,31.204893595500000
1267,121.433253889000000,31.204893595500000
1268,121.440206932999999,31.204912299000000
1269,121.436262595000002,31.204914394999999
1270,121.436158691000003,31.204915651400000
1271,121.455619182000007,31.204916631800000
1272,121.446524444999994,31.204920660700001
1273,121.446524444999994,31.204920660700001
1274,121.450097735000000,31.204924572600000
1275,121.453925760999994,31.204933036300002
1276,121.457188590000001,31.204964538500001
1277,121.451902894000000,31.204968289300002
1278,121.451902894000000,31.204968289300002
1279,121.451902894000000,31.204968289300002
1280,121.434594610999994,31.204969738700001
1281,121.438696980000003,31.204971413799999
1282,121.446716265000006,31.204978532799998
1283,121.447049872999997,31.204980904500001
1284,121.443157970000001,31.204984503700000
1285,121.443148351000005,31.204986646100000
1286,121.433843672999998,31.204988666500000
1287,121.455202847999999,31.204989535599999
1288,121.446758725999999,31.204995855000000
1289,121.448783706000000,31.204997483800000
1290,121.433257502000004,31.205003943299999
1291,121.433257569999995,31.205006005800001
1292,121.433257569999995,31.205006005800001
1293,121.433257569999995,31.205006005800001
1294,121.449745618999998,31.205017166299999
1295,121.453612982999999,31.205027375200000
1296,121.452954301999995,31.205030804200000
1297,121.441912776999999,31.205038889299999
1298,121.446137375999996,31.205047580799999
1299,121.446137375999996,31.205047580799999
1300,121.441525489000000,31.205047656800001
1301,121.447061941000001,31.205051579100001
1302,121.447061941000001,31.205051579100001
1303,121.439220442000007,31.205059357500001
1304,121.451990072000001,31.205060600199999
1305,121.451990072000001,31.205060600199999
1306,121.451990072000001,31.205060600199999
1307,121.434392571000004,31.205060911800000
1308,121.443943442999995,31.205061381400000
1309,121.443943442999995,31.205061381400000
1310,121.443943442999995,31.205061381400000
1311,121.456938244000000,31.205069409099998
1312,121.450031097999997,31.205074198199998
1313,121.450031097999997,31.205074198199998
1314,121.450031097999997,31.205074198199998
1315,121.450031097999997,31.205074198199998
1316,121.457680938999999,31.205082132299999
1317,121.446296864000004,31.205083359900001
1318,121.437833138000002,31.205083999500001
1319,121.457694172999993,31.205085270400001
1320,121.437827982000002,31.205089553899999
1321,121.447224363000004,31.205090795400000
1322,121.450638510999994,31.205090832800000
1323,121.456276004000003,31.205094487600000
1324,121.451838336999998,31.205096556200001
1325,121.451838336999998,31.205096556200001
1326,121.451838336999998,31.205096556200001
1327,121.432196465000004,31.205100964300001
1328,121.444187787999994,31.205101480300002
1329,121.436725429000006,31.205121223199999
1330,121.440875986999998,31.205126668799998
1331,121.456938000999997,31.205126783499999
1332,121.456938000999997,31.205126783499999
1333,121.456938000999997,31.205126783499999
1334,121.449284757000001,31.205127263300000
1335,121.450210790000000,31.205131421499999
1336,121.453861523000000,31.205138101900001
1337,121.453861523000000,31.205138101900001
1338,121.456935708000003,31.205144047000001
1339,121.435948873000001,31.205145589400001
1340,121.440951682999994,31.205150015200001
1341,121.452247138999994,31.205152493800000
1342,121.452247138999994,31.205152493800000
1343,121.452247138999994,31.205152493800000
1344,121.446460090000002,31.205158326599999
1345,121.446460090000002,31.205158326599999
1346,121.433378748999999,31.205168396300000
1347,121.439158324999994,31.205178616500000
1348,121.437962076999995,31.205180661299998
1349,121.437962076999995,31.205180661299998
1350,121.437962076999995,31.205180661299998
1351,121.451300028000006,31.205186913399999
1352,121.451300028000006,31.205186913399999
1353,121.447643352000000,31.205197164600001
1354,121.447643352000000,31.205197164600001
1355,121.440939001999993,31.205203144199999
1356,121.440929667999995,31.205203236999999
1357,121.434981100000002,31.205203330600000
1358,121.432905559000005,31.205203607200001
1359,121.447727713999996,31.205218220700001
1360,121.440840519999995,31.205228418400001
1361,121.454097649999994,31.205229905200000
1362,121.454097649999994,31.205229905200000
1363,121.446835398000005,31.205229947500001
1364,121.446072829000002,31.205230893900001
1365,121.446072829000002,31.205230893900001
1366,121.446072829000002,31.205230893900001
1367,121.457626626000007,31.205238515600001
1368,121.443104568999999,31.205243297700001
1369,121.457440356999996,31.205256696300001
1370,121.432406979000007,31.205261482000001
1371,121.444710469000000,31.205261932199999
1372,121.449914824000004,31.205262857800001
1373,121.432393173999998,31.205263362299998
1374,121.435490750000000,31.205266316700001
1375,121.446287932000004,31.205268025900001
1376,121.455654478000000,31.205271065000002
1377,121.449945068999995,31.205275724800000
1378,121.449945068999995,31.205275724800000
1379,121.449945068999995,31.205275724800000
1380,121.449945026999998,31.205275800199999
1381,121.449945026999998,31.205275800199999
1382,121.449945026999998,31.205275800199999
1383,121.449945026999998,31.205275800199999
1384,121.449945026999998,31.205275800199999
1385,121.450138651000003,31.205276224399999
1386,121.448243621000003,31.205279173899999
1387,121.452569886000006,31.205281667500000
1388,121.452569886000006,31.205281667500000
1389,121.452569886000006,31.205281667500000
1390,121.457632552000007,31.205285313099999
1391,121.436620877999999,31.205291178700001
1392,121.443349670000003,31.205291684599999
1393,121.450806330000006,31.205293645299999
1394,121.457565841000005,31.205297120600001
1395,121.457565841000005,31.205297120600001
1396,121.457565841000005,31.205297120600001
1397,121.436115654999995,31.205303992699999
1398,121.455754433999999,31.205307400700001
1399,121.455754433999999,31.205307400700001
1400,121.451264191999996,31.205317967500001
1401,121.433653903999996,31.205318629400001
1402,121.441883536000006,31.205323254300001
1403,121.450324277000007,31.205329316699999
1404,121.434290290999996,31.205335900000001
1405,121.446438501000003,31.205341714999999
1406,121.446438501000003,31.205341714999999
1407,121.446438501000003,31.205341714999999
1408,121.448232215999994,31.205342249099999
1409,121.440871173999994,31.205342645799998
1410,121.447535578000000,31.205344004499999
1411,121.442150179999999,31.205344974399999
1412,121.442527401000007,31.205347816500002
1413,121.451752223000000,31.205353171500001
1414,121.451752223000000,31.205353171500001
1415,121.451752223000000,31.205353171500001
1416,121.451752510000006,31.205353274899998
1417,121.451752510000006,31.205353274899998
1418,121.451752510000006,31.205353274899998
1419,121.453232467000007,31.205356313900001
1420,121.446976504000006,31.205361219400000
1421,121.446976504000006,31.205361219400000
1422,121.444627745999995,31.205363282499999
1423,121.440968037999994,31.205365123400000
1424,121.432617999000001,31.205369546800000
1425,121.447696237000002,31.205369716100002
1426,121.440424781000004,31.205371743899999
1427,121.444676306000005,31.205375176200000
1428,121.444676306000005,31.205375176200000
1429,121.444676306000005,31.205375176200000
1430,121.456259048999996,31.205379445700000
1431,121.449600829000005,31.205385126800000
1432,121.449600829000005,31.205385126800000
1433,121.449600829000005,31.205385126800000
1434,121.433601124999996,31.205388604199999
1435,121.443857383999998,31.205392216100002
1436,121.443857383999998,31.205392216100002
1437,121.452871076999998,31.205392410500000
1438,121.452871076999998,31.205392410500000
1439,121.452871076999998,31.205392410500000
1440,121.453782047000004,31.205393771899999
1441,121.446834140000007,31.205397174400002
1442,121.443851624000004,31.205399239799998
1443,121.441077930999995,31.205402826699999
1444,121.442496864999995,31.205409141600001
1445,121.448465595000002,31.205414189599999
1446,121.452850155999997,31.205428031800000
1447,121.445965259000005,31.205432463200001
1448,121.445965259000005,31.205432463200001
1449,121.445965259000005,31.205432463200001
1450,121.454430178999999,31.205448055900000
1451,121.438963521999995,31.205452512699999
1452,121.448210098999994,31.205452983000001
1453,121.448210098999994,31.205452983000001
1454,121.448210098999994,31.205452983000001
1455,121.446209256000003,31.205453640000002
1456,121.447471032999999,31.205453935900000
1457,121.447471032999999,31.205453935900000
1458,121.447471032999999,31.205453935900000
1459,121.433309582000007,31.205454497400002
1460,121.435396311000005,31.205454957600001
1461,121.449837321000004,31.205458973300001
1462,121.449837321000004,31.205458973300001
1463,121.449837321000004,31.205458973300001
1464,121.445425232999995,31.205471893900000
1465,121.453736397000000,31.205481809100000
1466,121.453756721000005,31.205488000500001
1467,121.437599250000005,31.205489972199999
1468,121.437599250000005,31.205489972199999
1469,121.441333024000002,31.205490347000001
1470,121.447679854000000,31.205500545900001
1471,121.444366575000004,31.205501125600001
1472,121.438327822999995,31.205504021300001
1473,121.448783489999997,31.205505514700000
1474,121.445922232000001,31.205505753000001
1475,121.445922232000001,31.205505753000001
1476,121.445922232000001,31.205505753000001
1477,121.441154603000001,31.205508853800001
1478,121.448783004000006,31.205512700400000
1479,121.445030016999993,31.205520047499999
1480,121.446395463000002,31.205525071400000
1481,121.446395463000002,31.205525071400000
1482,121.446395463000002,31.205525071400000
1483,121.436482136999999,31.205525433900000
1484,121.436482136999999,31.205525433900000
1485,121.434984240000006,31.205531692299999
1486,121.452232881000000,31.205534584700001
1487,121.456213574000003,31.205541851800000
1488,121.446933236999996,31.205544532099999
1489,121.446933236999996,31.205544532099999
1490,121.446933236999996,31.205544532099999
1491,121.448893307999995,31.205546957700001
1492,121.445405984999994,31.205559733299999
1493,121.445405984999994,31.205559733299999
1494,121.445405984999994,31.205559733299999
1495,121.446792662999997,31.205561266600000
1496,121.456208005999997,31.205565448100000
1497,121.456208005999997,31.205565448100000
1498,121.447139669999999,31.205570115699999
1499,121.443039509000002,31.205573286000000
1500,121.443039509000002,31.205573286000000
1501,121.452935609999997,31.205575313400001
1502,121.455688269999996,31.205581109600001
1503,121.456694251000002,31.205581883200001
1504,121.456830363999998,31.205585138299998
1505,121.452462251000000,31.205593269300000
1506,121.452462251000000,31.205593269300000
1507,121.452462251000000,31.205593269300000
1508,121.443034888000000,31.205594124899999
1509,121.448759357000000,31.205594307500000
1510,121.448189377000006,31.205599479699998
1511,121.432916384999999,31.205604516400001
1512,121.440746645999994,31.205606336599999
1513,121.440741974000005,31.205606678799999
1514,121.444619476000000,31.205607414999999
1515,121.445922222999997,31.205615820100000
1516,121.445922222999997,31.205615820100000
1517,121.445922222999997,31.205615820100000
1518,121.448175820000003,31.205624610000001
1519,121.441728308999998,31.205625502400000
1520,121.447659032999994,31.205634480000001
1521,121.433034371000005,31.205644018699999
1522,121.446232410999997,31.205650405600000
1523,121.441882982999999,31.205677700900001
1524,121.449729852000004,31.205678909700001
1525,121.449729852000004,31.205678909700001
1526,121.449729852000004,31.205678909700001
1527,121.450784408000004,31.205680305500000
1528,121.446911713000006,31.205691243200000
1529,121.446911713000006,31.205691243200000
1530,121.446911713000006,31.205691243200000
1531,121.436383234999994,31.205693278500000
1532,121.449385276000001,31.205703826499999
1533,121.433994889999994,31.205707867099999
1534,121.453694068999994,31.205707971900001
1535,121.446373936000001,31.205708471900000
1536,121.446373936000001,31.205708471900000
1537,121.446373936000001,31.205708471900000
1538,121.436364689000001,31.205709074800001
1539,121.439728047000003,31.205709812500000
1540,121.437918651999993,31.205711942800001
1541,121.439749573000000,31.205713932399998
1542,121.439749573000000,31.205713932399998
1543,121.439749573000000,31.205713932399998
1544,121.448174586999997,31.205715486399999
1545,121.447088457000007,31.205715731300000
1546,121.436432245999995,31.205723493200001
1547,121.446767242000007,31.205729879900002
1548,121.435806540000002,31.205733994799999
1549,121.457626583000007,31.205736187500001
1550,121.457521326999995,31.205738632500001
1551,121.451142398000002,31.205756676000000
1552,121.442115434000002,31.205756904499999
1553,121.445362947000007,31.205761435300001
1554,121.445362947000007,31.205761435300001
1555,121.445362947000007,31.205761435300001
1556,121.442118671000003,31.205761661600000
1557,121.446357261000003,31.205765305600000
1558,121.441338131999998,31.205771424800002
1559,121.441338131999998,31.205771424800002
1560,121.447606504999996,31.205787505800000
1561,121.434209671999994,31.205789242800002
1562,121.433365719999998,31.205791693799998
1563,121.433365719999998,31.205791693799998
1564,121.433365719999998,31.205791693799998
1565,121.433365719999998,31.205791693799998
1566,121.437625847999996,31.205802634099999
1567,121.438405263000007,31.205804971199999
1568,121.453358210999994,31.205805128100000
1569,121.451755008000006,31.205808515699999
1570,121.445879184000006,31.205817521200000
1571,121.445879184000006,31.205817521200000
1572,121.445879184000006,31.205817521200000
1573,121.445879184000006,31.205817521200000
1574,121.446868679999994,31.205819564900001
1575,121.446868679999994,31.205819564900001
1576,121.448683324000001,31.205825029200000
1577,121.440910880000004,31.205826028099999
1578,121.442308517000001,31.205829340499999
1579,121.449878358999996,31.205829531799999
1580,121.438687298999994,31.205832580100001
1581,121.456523832000002,31.205833678800001
1582,121.444966960000002,31.205834878400001
1583,121.446206520999993,31.205835921300000
1584,121.438695867000007,31.205840446300002
1585,121.438695867000007,31.205840446300002
1586,121.438695867000007,31.205840446300002
1587,121.447070585999995,31.205846998799998
1588,121.448123945000006,31.205857074699999
1589,121.449859321000005,31.205861951399999
1590,121.449859321000005,31.205861951399999
1591,121.454700861999996,31.205871368800000
1592,121.434662269000000,31.205876291199999
1593,121.439297968999995,31.205878214100000
1594,121.439297968999995,31.205878214100000
1595,121.439297968999995,31.205878214100000
1596,121.436924293999994,31.205878716600001
1597,121.454352392999994,31.205882656200000
1598,121.442438054999997,31.205882909200000
1599,121.449930823000003,31.205884142999999
1600,121.441425796999994,31.205894966199999
1601,121.456959454000000,31.205897305000001
1602,121.456959454000000,31.205897305000001
1603,121.456959454000000,31.205897305000001
1604,121.457153130999998,31.205897772000000
1605,121.457153130999998,31.205897772000000
1606,121.457153130999998,31.205897772000000
1607,121.457225656999995,31.205903567800000
1608,121.448892647999998,31.205905778300000
1609,121.434245113000003,31.205906291300000
1610,121.434245113000003,31.205906291300000
1611,121.434245113000003,31.205906291300000
1612,121.450107814999996,31.205910452299999
1613,121.446720796999998,31.205911320300000
1614,121.448611349999993,31.205916402300002
1615,121.447588886000005,31.205917420999999
1616,121.452427968999999,31.205918211000000
1617,121.433450965999995,31.205918251300002
1618,121.450096584999997,31.205934361800001
1619,121.450096584999997,31.205934361800001
1620,121.442596374000004,31.205936898899999
1621,121.453638511999998,31.205943158699998
1622,121.445410021000001,31.205945475200000
1623,121.440596205999995,31.205947153600000
1624,121.440158140999998,31.205953157600000
1625,121.440158140999998,31.205953157600000
1626,121.440158140999998,31.205953157600000
1627,121.434374102000007,31.205961531700002
1628,121.434374102000007,31.205961531700002
1629,121.434374102000007,31.205961531700002
1630,121.453845103999996,31.205964076099999
1631,121.457626563000005,31.205972295700001
1632,121.457626563000005,31.205972295700001
1633,121.457626563000005,31.205972295700001
1634,121.455693889000003,31.205977698700000
1635,121.439051069000001,31.205981802699998
1636,121.447090674999998,31.205984696300000
1637,121.456114674000005,31.205984785199998
1638,121.448105780999995,31.205985505800001
1639,121.439168936000002,31.205988048599998
1640,121.439168936000002,31.205988048599998
1641,121.439168936000002,31.205988048599998
1642,121.438560312000007,31.205990529000001
1643,121.448092975999998,31.205991061599999
1644,121.448215441000002,31.205992971200001
1645,121.445857657999994,31.206000921600001
1646,121.445857657999994,31.206000921600001
1647,121.445857657999994,31.206000921600001
1648,121.445857657999994,31.206000921600001
1649,121.433901125000006,31.206004151199998
1650,121.439426982000001,31.206006858199999
1651,121.439426982000001,31.206006858199999
1652,121.439426982000001,31.206006858199999
1653,121.450374804000006,31.206012396100000
1654,121.450374804000006,31.206012396100000
1655,121.455130440000005,31.206014192800001
1656,121.446056948999995,31.206021342500001
1657,121.446310581000006,31.206024501700000
1658,121.434309599000002,31.206034805800002
1659,121.434309599000002,31.206034805800002
1660,121.434309599000002,31.206034805800002
1661,121.435595383000006,31.206036756100001
1662,121.442935406000004,31.206036968999999
1663,121.442935406000004,31.206036968999999
1664,121.435590753000000,31.206038554100001
1665,121.444510480000005,31.206048602300001
1666,121.450488450999998,31.206051153299999
1667,121.437408849999997,31.206051803800001
1668,121.446481460000001,31.206057238800000
1669,121.446481460000001,31.206057238800000
1670,121.446481460000001,31.206057238800000
1671,121.438913167999999,31.206059798199998
1672,121.438913167999999,31.206059798199998
1673,121.456098186999995,31.206060259800001
1674,121.456098186999995,31.206060259800001
1675,121.456292340000005,31.206060805200000
1676,121.456292340000005,31.206060805200000
1677,121.442996983000000,31.206068539800000
1678,121.442996983000000,31.206068539800000
1679,121.447605957999997,31.206069923400001
1680,121.436136688000005,31.206071038699999
1681,121.434288097000007,31.206071460099999
1682,121.434288097000007,31.206071460099999
1683,121.434288097000007,31.206071460099999
1684,121.451616461000000,31.206077663799999
1685,121.441559205000004,31.206080620700000
1686,121.441559205000004,31.206080620700000
1687,121.449557708000000,31.206082112699999
1688,121.449557708000000,31.206082112699999
1689,121.449557708000000,31.206082112699999
1690,121.452142787000000,31.206084193199999
1691,121.444947224000003,31.206087733899999
1692,121.446739590000007,31.206094465500001
1693,121.446739590000007,31.206094465500001
1694,121.446739590000007,31.206094465500001
1695,121.438017329000004,31.206096087300001
1696,121.436166467000007,31.206096668299999
1697,121.438011779000007,31.206097364700000
1698,121.452134693999994,31.206097497100000
1699,121.450634567999998,31.206097877400001
1700,121.436153218000001,31.206098642499999
1701,121.457091223000006,31.206102796300002
1702,121.450636857000006,31.206110501400001
1703,121.433790600999998,31.206111190200001
1704,121.438974314999996,31.206116844499999
1705,121.443113425000007,31.206119746500001
1706,121.440506541999994,31.206122487900000
1707,121.453483215000006,31.206123129000002
1708,121.455582233000001,31.206123730600002
1709,121.446997721000002,31.206131691900001
1710,121.446997721000002,31.206131691900001
1711,121.446997721000002,31.206131691900001
1712,121.448059044999994,31.206135469199999
1713,121.448059044999994,31.206135469199999
1714,121.439577501000002,31.206135541799998
1715,121.439577501000002,31.206135541799998
1716,121.439577501000002,31.206135541799998
1717,121.442222025999996,31.206140662399999
1718,121.435209263999994,31.206144287400001
1719,121.445466924000002,31.206145172999999
1720,121.456526968000006,31.206152724799999
1721,121.439011784000002,31.206153723000000
1722,121.452302826999997,31.206157569100000
1723,121.453603744999995,31.206164958199999
1724,121.453603744999995,31.206164958199999
1725,121.447255854000005,31.206168918100001
1726,121.447255854000005,31.206168918100001
1727,121.447255854000005,31.206168918100001
1728,121.448202381000002,31.206170917900000
1729,121.448202381000002,31.206170917900000
1730,121.445836131999997,31.206184321700000
1731,121.445836131999997,31.206184321700000
1732,121.445836131999997,31.206184321700000
1733,121.445836131999997,31.206184321700000
1734,121.446018960000004,31.206187172700002
1735,121.454299219000006,31.206188910000002
1736,121.433869387000001,31.206190396899999
1737,121.451020665000001,31.206195396900000
1738,121.451020665000001,31.206195396900000
1739,121.451020665000001,31.206195396900000
1740,121.451020665000001,31.206195396900000
1741,121.451020665000001,31.206195396900000
1742,121.434180591000001,31.206199698599999
1743,121.434180591000001,31.206199698599999
1744,121.434180591000001,31.206199698599999
1745,121.451044241999995,31.206203826100001
1746,121.448045367000006,31.206208550100001
1747,121.448045367000006,31.206208550100001
1748,121.434819070000003,31.206211813600000
1749,121.439483444000004,31.206218528200001
1750,121.439483444000004,31.206218528200001
1751,121.439483444000004,31.206218528200001
1752,121.443361656999997,31.206219201500002
1753,121.443361656999997,31.206219201500002
1754,121.436072573999994,31.206221143800001
1755,121.448721094999996,31.206223971200000
1756,121.447535501000004,31.206224538899999
1757,121.447535501000004,31.206224538899999
1758,121.447535501000004,31.206224538899999
1759,121.443394820999998,31.206231832099999
1760,121.439445820000003,31.206245160000002
1761,121.439445820000003,31.206245160000002
1762,121.439445820000003,31.206245160000002
1763,121.439102180999996,31.206245697200000
1764,121.439102180999996,31.206245697200000
1765,121.440072095999994,31.206246510200000
1766,121.440072095999994,31.206246510200000
1767,121.440072095999994,31.206246510200000
1768,121.442643469000004,31.206253156799999
1769,121.444458874000006,31.206254720600000
1770,121.444458874000006,31.206254720600000
1771,121.444449484000003,31.206256096200001
1772,121.435427556999997,31.206256759300000
1773,121.435427556999997,31.206256759300000
1774,121.435427556999997,31.206256759300000
1775,121.453061802999997,31.206271776200001
1776,121.453063717000006,31.206272921000000
1777,121.441704310000006,31.206277194999998
1778,121.450110706999993,31.206283396600000
1779,121.453340006999994,31.206290780900002
1780,121.448035873999999,31.206300865700001
1781,121.454095671999994,31.206304201199998
1782,121.444788954000003,31.206305502199999
1783,121.442108992000001,31.206310358700001
1784,121.450310673999994,31.206322237100000
1785,121.450310673999994,31.206322237100000
1786,121.442889398999995,31.206325203100000
1787,121.442889398999995,31.206325203100000
1788,121.453339197999995,31.206327747300001
1789,121.445267498000007,31.206328174399999
1790,121.435182037999994,31.206330223100000
1791,121.438237392000005,31.206346033999999
1792,121.454183525000005,31.206349345900001
1793,121.456033521999998,31.206353376999999
1794,121.456033521999998,31.206353376999999
1795,121.442975426000004,31.206362058900002
1796,121.442975426000004,31.206362058900002
1797,121.442975426000004,31.206362058900002
1798,121.442982315999998,31.206362911799999
1799,121.453591712000005,31.206363567600000
1800,121.445789542000000,31.206367417700001
1801,121.445793096000003,31.206367677399999
1802,121.445793096000003,31.206367677399999
1803,121.445793096000003,31.206367677399999
1804,121.454067076000001,31.206368930699998
1805,121.454808810000003,31.206369811999998
1806,121.451529078999997,31.206376318000000
1807,121.446010248999997,31.206386564199999
1808,121.435363043999999,31.206403407800000
1809,121.435363043999999,31.206403407800000
1810,121.435363043999999,31.206403407800000
1811,121.447998671999997,31.206408203799999
1812,121.448180848000007,31.206409349000001
1813,121.448180848000007,31.206409349000001
1814,121.439225137999998,31.206411599399999
1815,121.439671240999999,31.206413783399999
1816,121.437372417999995,31.206415140600001
1817,121.440086617999995,31.206417303199999
1818,121.453565471000005,31.206422089299998
1819,121.435793047999994,31.206422464700001
1820,121.435793047999994,31.206422464700001
1821,121.435793047999994,31.206422464700001
1822,121.457614767999999,31.206423208400000
1823,121.446356581000003,31.206427557000001
1824,121.456016320000003,31.206427813600001
1825,121.441246167000003,31.206429073599999
1826,121.443856964999995,31.206437809299999
1827,121.443856964999995,31.206437809299999
1828,121.443860611000005,31.206439458700000
1829,121.456464460000007,31.206446448800001
1830,121.456464460000007,31.206446448800001
1831,121.456464460000007,31.206446448800001
1832,121.434287161000000,31.206463122399999
1833,121.441857631000005,31.206469663200000
1834,121.435929915000003,31.206477525099999
1835,121.446851382000006,31.206484974199999
1836,121.456129601000001,31.206485009000001
1837,121.440315583000000,31.206486625499998
1838,121.446589876999994,31.206488490800002
1839,121.453480921999997,31.206494475300001
1840,121.453557832000001,31.206494652500002
1841,121.453557832000001,31.206494652500002
1842,121.435906806000006,31.206496758899998
1843,121.451489748000000,31.206507947500000
1844,121.439333333999997,31.206509557299999
1845,121.451940170000000,31.206514753899999
1846,121.450919667999997,31.206526263600001
1847,121.451236506000001,31.206533537199999
1848,121.452019235999998,31.206537279799999
1849,121.441202086999994,31.206537546400000
1850,121.447988910999996,31.206537638800000
1851,121.447988910999996,31.206537638800000
1852,121.456959398999999,31.206539358800001
1853,121.456959398999999,31.206539358800001
1854,121.456959398999999,31.206539358800001
1855,121.441910117000006,31.206544356700000
1856,121.444092972999997,31.206545077299999
1857,121.444092972999997,31.206545077299999
1858,121.452843618000003,31.206545324800000
1859,121.457061276999994,31.206546841700000
1860,121.444667371999998,31.206548011700001
1861,121.435728535999999,31.206550767700001
1862,121.435728535999999,31.206550767700001
1863,121.435728535999999,31.206550767700001
1864,121.454540850000001,31.206551848600000
1865,121.447126955000002,31.206554443200002
1866,121.435369926000007,31.206565245800000
1867,121.452090441999999,31.206569118899999
1868,121.439169641999996,31.206572457099998
1869,121.448159321999995,31.206574402299999
1870,121.448159321999995,31.206574402299999
1871,121.453546942000003,31.206576560399998
1872,121.454613856999998,31.206588740899999
1873,121.454613856999998,31.206588740899999
1874,121.447664711000002,31.206592270000002
1875,121.447385663999995,31.206592744200002
1876,121.441618095999999,31.206595680100001
1877,121.450246108000002,31.206597260399999
1878,121.450246108000002,31.206597260399999
1879,121.450246108000002,31.206597260399999
1880,121.454018344999994,31.206599281500001
1881,121.444911172000005,31.206604364400000
1882,121.444911172000005,31.206604364400000
1883,121.444911172000005,31.206604364400000
1884,121.434565903999996,31.206606466000000
1885,121.446545944999997,31.206607703400000
1886,121.435846252999994,31.206608510700001
1887,121.450892138000000,31.206617201800000
1888,121.450892138000000,31.206617201800000
1889,121.450511789000004,31.206619515800000
1890,121.453337743999995,31.206620683200001
1891,121.452978552999994,31.206621732900000
1892,121.452978552999994,31.206621732900000
1893,121.452978552999994,31.206621732900000
1894,121.435321703000000,31.206627199800000
1895,121.448579159000005,31.206630982099998
1896,121.444330421000004,31.206639891399998
1897,121.444330421000004,31.206639891399998
1898,121.453538315000003,31.206641455900002
1899,121.453538315000003,31.206641455900002
1900,121.453538315000003,31.206641455900002
1901,121.447971469999999,31.206644022799999
1902,121.449822147999996,31.206653124700001
1903,121.441988770999998,31.206656196200001
1904,121.439490995000000,31.206668757300001
1905,121.451613358000003,31.206671185699999
1906,121.439488947000001,31.206675157700001
1907,121.447965135000004,31.206683964800000
1908,121.447965135000004,31.206683964800000
1909,121.452510235000005,31.206696316900000
1910,121.453999295000003,31.206698455900000
1911,121.437911985000000,31.206699856800000
1912,121.449301716999997,31.206705045500001
1913,121.441559484999999,31.206705131800000
1914,121.449299492999998,31.206705264699998
1915,121.449299492999998,31.206705264699998
1916,121.449299492999998,31.206705264699998
1917,121.451730620000006,31.206710625600000
1918,121.451730620000006,31.206710625600000
1919,121.451730620000006,31.206710625600000
1920,121.448488174999994,31.206711252600002
1921,121.448998305999993,31.206722953800000
1922,121.448998305999993,31.206722953800000
1923,121.444308672000005,31.206726381500001
1924,121.457458231999993,31.206731883100002
1925,121.442867647000000,31.206734981899999
1926,121.454676438999996,31.206735053500001
1927,121.434704390999997,31.206736469599999
1928,121.453346726000007,31.206746641300001
1929,121.447955117000006,31.206747126300002
1930,121.452677304000005,31.206749486600000
1931,121.452677304000005,31.206749486600000
1932,121.454432393999994,31.206749534200000
1933,121.453373909000007,31.206753212199999
1934,121.442654755999996,31.206763837600000
1935,121.451945769999995,31.206766142700001
1936,121.451945769999995,31.206766142700001
1937,121.451945769999995,31.206766142700001
1938,121.435375133999997,31.206768634199999
1939,121.435748286999996,31.206770153600001
1940,121.435748286999996,31.206770153600001
1941,121.445879102000006,31.206771428700002
1942,121.446241861999994,31.206778713700000
1943,121.445965142000006,31.206789949299999
1944,121.451685975000004,31.206790528999999
1945,121.446879671999994,31.206793628000000
1946,121.440157768999995,31.206796990099999
1947,121.440157768999995,31.206796990099999
1948,121.440157768999995,31.206796990099999
1949,121.445879099999999,31.206797354300001
1950,121.457600275000004,31.206797415499999
1951,121.457594374999999,31.206798515599999
1952,121.452073818000002,31.206803518299999
1953,121.452844345000003,31.206809338199999
1954,121.444771269000000,31.206811849600001
1955,121.445962894000004,31.206824401500000
1956,121.444803500000006,31.206824468200001
1957,121.444797722000004,31.206828772700000
1958,121.437796253000002,31.206831758200000
1959,121.437796253000002,31.206831758200000
1960,121.437183348999994,31.206834479299999
1961,121.452957017000003,31.206841815299999
1962,121.434950069999999,31.206846502299999
1963,121.453000992000000,31.206855971800000
1964,121.444888104000000,31.206857729100001
1965,121.442784172000003,31.206858171200000
1966,121.435630384999996,31.206864137499998
1967,121.443689543999994,31.206865090699999
1968,121.455911549999996,31.206869754300001
1969,121.449256450999997,31.206870265900001
1970,121.449256450999997,31.206870265900001
1971,121.449256450999997,31.206870265900001
1972,121.456480892000002,31.206872712900001
1973,121.439642140999993,31.206873362100001
1974,121.453065424000002,31.206877433300001
1975,121.453065424000002,31.206877433300001
1976,121.455639915000006,31.206890304600002
1977,121.454524113000005,31.206898914800000
1978,121.435673018000003,31.206900386200001
1979,121.455903246000005,31.206903703999998
1980,121.455903246000005,31.206903703999998
1981,121.442176406000002,31.206911848699999
1982,121.455253533000004,31.206914295000001
1983,121.441100160999994,31.206923208500001
1984,121.456223496000007,31.206925370000000
1985,121.450224564999999,31.206927410300001
1986,121.450224564999999,31.206927410300001
1987,121.450224564999999,31.206927410300001
1988,121.450492854999993,31.206928001000001
1989,121.451702286000000,31.206928499000000
1990,121.454613799000001,31.206937355099999
1991,121.454613799000001,31.206937355099999
1992,121.454613799000001,31.206937355099999
1993,121.456227706999996,31.206941179400001
1994,121.456227706999996,31.206941179400001
1995,121.456399860000005,31.206941590700001
1996,121.456399860000005,31.206941590700001
1997,121.456399860000005,31.206941590700001
1998,121.452066715000001,31.206947880900000
1999,121.451859691999999,31.206949391599998
2000,121.451859691999999,31.206949391599998
2001,121.451859691999999,31.206949391599998
2002,121.451385689000006,31.206950000599999
2003,121.452569714000006,31.206950997900002
2004,121.452569714000006,31.206950997900002
2005,121.446373828000006,31.206955888900001
2006,121.446373828000006,31.206955888900001
2007,121.446373828000006,31.206955888900001
2008,121.436223902999998,31.206960518300001
2009,121.450798172000006,31.206965001800000
2010,121.443921708999994,31.206969318500001
2011,121.452796303000000,31.206970557900000
2012,121.446524402999998,31.206974544600001
2013,121.446524402999998,31.206974544600001
2014,121.446524402999998,31.206974544600001
2015,121.446560567000006,31.206976992200001
2016,121.455885018999993,31.206977376800001
2017,121.446459868000005,31.206992755300000
2018,121.446459868000005,31.206992755300000
2019,121.446459868000005,31.206992755300000
2020,121.446458321999998,31.207002634799998
2021,121.435124916000007,31.207006228600001
2022,121.453494918999994,31.207008147900002
2023,121.453494918999994,31.207008147900002
2024,121.453494918999994,31.207008147900002
2025,121.453494918999994,31.207008147900002
2026,121.447083688999996,31.207012396700001
2027,121.447083688999996,31.207012396700001
2028,121.447083688999996,31.207012396700001
2029,121.454966364000001,31.207013747800001
2030,121.453525337000002,31.207017098600002
2031,121.449274932999998,31.207020119399999
2032,121.442264053000002,31.207021902800001
2033,121.452978517999995,31.207025307100000
2034,121.452978517999995,31.207025307100000
2035,121.442273834999995,31.207034863099999
2036,121.447387100000000,31.207038074000000
2037,121.445364775000002,31.207046311500001
2038,121.450204932000005,31.207061211999999
2039,121.437614244000002,31.207070808299999
2040,121.452526671000001,31.207079309800001
2041,121.452526671000001,31.207079309800001
2042,121.452526671000001,31.207079309800001
2043,121.453751951000001,31.207083781700000
2044,121.453744158000006,31.207087798900002
2045,121.438222687999996,31.207090191500001
2046,121.447907380000004,31.207090684200001
2047,121.450763585999994,31.207093898400000
2048,121.450763585999994,31.207093898400000
2049,121.439362375000002,31.207098711499999
2050,121.442340775999995,31.207113082500001
2051,121.452736446000003,31.207116444499999
2052,121.443908518000001,31.207121631400000
2053,121.440640834999996,31.207141283399999
2054,121.451284422000001,31.207145324999999
2055,121.444209607000005,31.207151798000002
2056,121.444195424000000,31.207166748599999
2057,121.442372703000004,31.207168196300000
2058,121.442372703000004,31.207168196300000
2059,121.452505146999997,31.207170982099999
2060,121.452505146999997,31.207170982099999
2061,121.452505146999997,31.207170982099999
2062,121.452913956000003,31.207171913600000
2063,121.452913956000003,31.207171913600000
2064,121.452913956000003,31.207171913600000
2065,121.454011206999994,31.207173769600001
2066,121.454011206999994,31.207173769600001
2067,121.454028515999994,31.207179916200001
2068,121.457475818000006,31.207182656299999
2069,121.457475818000006,31.207182656299999
2070,121.457475818000006,31.207182656299999
2071,121.457558984000002,31.207182857599999
2072,121.446985562999998,31.207197003099999
2073,121.451547818999998,31.207205509800001
2074,121.439945147000003,31.207209329700000
2075,121.452664622000000,31.207209489099998
2076,121.447535415999994,31.207215131000002
2077,121.447535415999994,31.207215131000002
2078,121.447535415999994,31.207215131000002
2079,121.447642974999994,31.207215357799999
2080,121.447642974999994,31.207215357799999
2081,121.454434234000004,31.207217334199999
2082,121.453078544999997,31.207217992400000
2083,121.457112003000006,31.207229773600002
2084,121.447860112000001,31.207234310000000
2085,121.447860112000001,31.207234310000000
2086,121.447860112000001,31.207234310000000
2087,121.445841716000004,31.207234371399998
2088,121.442020782000000,31.207237182299998
2089,121.445879060999999,31.207248379100001
2090,121.455811642000000,31.207251080300001
2091,121.446672859000003,31.207251334399999
2092,121.438955931999999,31.207253790700001
2093,121.441814930000007,31.207255151599998
2094,121.439921475999995,31.207255170700002
2095,121.439921475999995,31.207255170700002
2096,121.439921475999995,31.207255170700002
2097,121.439921475999995,31.207255170700002
2098,121.450709867000000,31.207255702200001
2099,121.452646342999998,31.207261483400000
2100,121.449031805999994,31.207269227299999
2101,121.456623874000002,31.207269624100000
2102,121.437782257999999,31.207271781999999
2103,121.445919106999995,31.207273075900002
2104,121.452043203000002,31.207276642299998
2105,121.454943822000004,31.207278265199999
2106,121.447535410000000,31.207278579400000
2107,121.445986609000002,31.207287681099999
2108,121.445986609000002,31.207287681099999
2109,121.447255756999994,31.207287920300001
2110,121.439901441999993,31.207296142800001
2111,121.450490952999999,31.207296473900001
2112,121.451222412999996,31.207298236700002
2113,121.455800467000003,31.207310541900000
2114,121.452440585999994,31.207317589199999
2115,121.452440585999994,31.207317589199999
2116,121.452440585999994,31.207317589199999
2117,121.452849395000001,31.207318519899999
2118,121.452849395000001,31.207318519899999
2119,121.452849395000001,31.207318519899999
2120,121.445040167000002,31.207320050500002
2121,121.445040167000002,31.207320050500002
2122,121.445040167000002,31.207320050500002
2123,121.452031783999999,31.207335008200001
2124,121.452031783999999,31.207335008200001
2125,121.452031783999999,31.207335008200001
2126,121.454517057000004,31.207343559000002
2127,121.452620581999994,31.207354558900001
2128,121.445341299000006,31.207357348100000
2129,121.445341299000006,31.207357348100000
2130,121.445341299000006,31.207357348100000
2131,121.451471118000001,31.207371331899999
2132,121.456108416999996,31.207376187500000
2133,121.438158161000004,31.207380398500000
2134,121.438158161000004,31.207380398500000
2135,121.453477316999994,31.207382600700001
2136,121.454718737999997,31.207404704999998
2137,121.450682799999996,31.207404983299998
2138,121.452603217999993,31.207408549499998
2139,121.442556600000003,31.207414798999999
2140,121.446347887000002,31.207425229900000
2141,121.445341292999998,31.207430726199998
2142,121.445341292999998,31.207430726199998
2143,121.445341292999998,31.207430726199998
2144,121.443125140999996,31.207433492400000
2145,121.437697022999998,31.207434225099998
2146,121.443600297000003,31.207441015000001
2147,121.445856398999993,31.207443423600001
2148,121.444739024000000,31.207447853700000
2149,121.444739024000000,31.207447853700000
2150,121.444739024000000,31.207447853700000
2151,121.454851720999997,31.207449180099999
2152,121.454851720999997,31.207449180099999
2153,121.449315463000005,31.207449891900001
2154,121.446416807000006,31.207451271499998
2155,121.445532388999993,31.207455807999999
2156,121.439237224999999,31.207462156999998
2157,121.436709868999998,31.207463651499999
2158,121.440564854000002,31.207464197499998
2159,121.452397542000000,31.207464245000001
2160,121.452397542000000,31.207464245000001
2161,121.452397542000000,31.207464245000001
2162,121.452784832999996,31.207465126100001
2163,121.452784832999996,31.207465126100001
2164,121.452784832999996,31.207465126100001
2165,121.438650946999999,31.207465820100001
2166,121.445040153999997,31.207466805399999
2167,121.445040153999997,31.207466805399999
2168,121.445040153999997,31.207466805399999
2169,121.445040153999997,31.207466805399999
2170,121.446008104000001,31.207468773900001
2171,121.446008104000001,31.207468773900001
2172,121.441577378000005,31.207478379499999
2173,121.441577378000005,31.207478379499999
2174,121.441577378000005,31.207478379499999
2175,121.445341287999995,31.207485757299999
2176,121.445341287999995,31.207485757299999
2177,121.445341287999995,31.207485757299999
2178,121.441365805999993,31.207488398700001
2179,121.437423632000005,31.207488470099999
2180,121.452557541000004,31.207499628000001
2181,121.450655357000002,31.207515471499999
2182,121.450655357000002,31.207515471499999
2183,121.451967221000004,31.207518304400001
2184,121.451967221000004,31.207518304400001
2185,121.451967221000004,31.207518304400001
2186,121.446051120000007,31.207523894700000
2187,121.446051120000007,31.207523894700000
2188,121.446051120000007,31.207523894700000
2189,121.457084546000004,31.207525632300001
2190,121.438093566000006,31.207527158900000
2191,121.438093566000006,31.207527158900000
2192,121.447418937999998,31.207533201499999
2193,121.435969470000003,31.207541576000001
2194,121.439384266000005,31.207548745800000
2195,121.441633292999995,31.207550033600000
2196,121.457515013000005,31.207550862300000
2197,121.452538770999993,31.207558015099998
2198,121.442662863999999,31.207574272199999
2199,121.447582111000003,31.207583565000000
2200,121.452332983000005,31.207592507699999
2201,121.452332983000005,31.207592507699999
2202,121.452332983000005,31.207592507699999
2203,121.449148821999998,31.207593337500001
2204,121.444739011999999,31.207594606899999
2205,121.444739011999999,31.207594606899999
2206,121.444739011999999,31.207594606899999
2207,121.437203158000003,31.207598128299999
2208,121.437384323000003,31.207599276900002
2209,121.437384323000003,31.207599276900002
2210,121.444057716000003,31.207601961999998
2211,121.453926835999994,31.207605154399999
2212,121.451318220000005,31.207607062899999
2213,121.450310798999993,31.207611508999999
2214,121.452720271000004,31.207611732099998
2215,121.452720271000004,31.207611732099998
2216,121.452720271000004,31.207611732099998
2217,121.445018632000000,31.207613513700000
2218,121.445018632000000,31.207613513700000
2219,121.445018632000000,31.207613513700000
2220,121.445018632000000,31.207613513700000
2221,121.452836038000001,31.207617964600001
2222,121.457002345000006,31.207621772500001
2223,121.457002345000006,31.207621772500001
2224,121.457002345000006,31.207621772500001
2225,121.456546103999997,31.207623465099999
2226,121.455334268000001,31.207626358999999
2227,121.452086300999994,31.207629966199999
2228,121.452485476000007,31.207630240899999
2229,121.445319765999997,31.207632466900002
2230,121.445319765999997,31.207632466900002
2231,121.445319765999997,31.207632466900002
2232,121.445319765999997,31.207632466900002
2233,121.452981829999999,31.207644077200001
2234,121.446921453000002,31.207647545899999
2235,121.445549865000004,31.207649756999999
2236,121.454764280000006,31.207653132000001
2237,121.454764280000006,31.207653132000001
2238,121.439945750000007,31.207667557899999
2239,121.456774651000003,31.207676439299998
2240,121.456676795999996,31.207677194999999
2241,121.447773405999996,31.207679108899999
2242,121.454754823000002,31.207681660100000
2243,121.446072615999995,31.207689036100000
2244,121.446072615999995,31.207689036100000
2245,121.446072615999995,31.207689036100000
2246,121.447041439000003,31.207689625600000
2247,121.439705286000006,31.207694547500001
2248,121.439705286000006,31.207694547500001
2249,121.447034023000001,31.207694748300000
2250,121.450611400000000,31.207698571000002
2251,121.450611400000000,31.207698571000002
2252,121.446623158999998,31.207699870199999
2253,121.440904841000005,31.207702365300001
2254,121.452476931999996,31.207702860600001
2255,121.436874720999995,31.207705224300000
2256,121.439695099000005,31.207710742200000
2257,121.441135008000003,31.207720977800001
2258,121.451823318999999,31.207725785899999
2259,121.437340376999998,31.207727344999999
2260,121.448709393000001,31.207731264100001
2261,121.448960752000005,31.207733786100000
2262,121.451881139999998,31.207738240200001
2263,121.451881139999998,31.207738240200001
2264,121.451881139999998,31.207738240200001
2265,121.437882205999998,31.207741730799999
2266,121.455668148000001,31.207746993299999
2267,121.455668148000001,31.207746993299999
2268,121.450009352999999,31.207752426900001
2269,121.450009352999999,31.207752426900001
2270,121.450869926999999,31.207754324000000
2271,121.450869926999999,31.207754324000000
2272,121.452655708999998,31.207758338000001
2273,121.452655708999998,31.207758338000001
2274,121.452655708999998,31.207758338000001
2275,121.444911071999996,31.207760050000001
2276,121.444911071999996,31.207760050000001
2277,121.444911071999996,31.207760050000001
2278,121.445018618999995,31.207760266699999
2279,121.445018618999995,31.207760266699999
2280,121.445018618999995,31.207760266699999
2281,121.457333559999995,31.207768734599998
2282,121.445298242999996,31.207779176300001
2283,121.445298242999996,31.207779176300001
2284,121.445298242999996,31.207779176300001
2285,121.455262601000001,31.207790229099999
2286,121.442845649999995,31.207791213699998
2287,121.451085070999994,31.207791490300000
2288,121.451085070999994,31.207791490300000
2289,121.451085070999994,31.207791490300000
2290,121.436398275000002,31.207801539799998
2291,121.455308608999999,31.207804308400000
2292,121.442862880000007,31.207813377600001
2293,121.442862880000007,31.207813377600001
2294,121.439623720000000,31.207824114899999
2295,121.439623720000000,31.207824114899999
2296,121.454368521000006,31.207833143599998
2297,121.453456274000004,31.207833263700000
2298,121.450573117999994,31.207846032999999
2299,121.451838099000000,31.207848207900000
2300,121.451838099000000,31.207848207900000
2301,121.451838099000000,31.207848207900000
2302,121.447532190999993,31.207849278600001
2303,121.437845221000003,31.207850373500001
2304,121.452935413999995,31.207850696500000
2305,121.452935413999995,31.207850696500000
2306,121.452946377999993,31.207852371300000
2307,121.456873207000001,31.207859935199998
2308,121.456873207000001,31.207859935199998
2309,121.456873207000001,31.207859935199998
2310,121.449987828999994,31.207862444400000
2311,121.449987828999994,31.207862444400000
2312,121.450043355000005,31.207862566399999
2313,121.450568101000002,31.207863720500001
2314,121.450568101000002,31.207863720500001
2315,121.451536881999999,31.207865875700001
2316,121.451536881999999,31.207865875700001
2317,121.451536881999999,31.207865875700001
2318,121.451536881999999,31.207865875700001
2319,121.440189794000005,31.207867742600001
2320,121.455996485000000,31.207869067299999
2321,121.454194423999994,31.207873207199999
2322,121.449276396000002,31.207882991999998
2323,121.451924157999997,31.207885089900000
2324,121.451924157999997,31.207885089900000
2325,121.451924157999997,31.207885089900000
2326,121.444686615999998,31.207886224900001
2327,121.444911060999999,31.207888458700001
2328,121.444911060999999,31.207888458700001
2329,121.444911060999999,31.207888458700001
2330,121.444911060999999,31.207888458700001
2331,121.438545164999994,31.207894736899998
2332,121.438545164999994,31.207894736899998
2333,121.438545164999994,31.207894736899998
2334,121.451697680999999,31.207900299700000
2335,121.445298231999999,31.207907584899999
2336,121.445298231999999,31.207907584899999
2337,121.445298231999999,31.207907584899999
2338,121.445298231999999,31.207907584899999
2339,121.447728961999999,31.207912617100000
2340,121.437265685000000,31.207918528099999
2341,121.453462703000000,31.207923303200001
2342,121.453965851999996,31.207929978399999
2343,121.450546954999993,31.207936970199999
2344,121.450546954999993,31.207936970199999
2345,121.441897402999999,31.207937586800000
2346,121.447934328000002,31.207942240200001
2347,121.445821090999999,31.207945811100000
2348,121.437253505000001,31.207946597999999
2349,121.437253505000001,31.207946597999999
2350,121.440127923000006,31.207949072000002
2351,121.443944646999995,31.207959776999999
2352,121.443944646999995,31.207959776999999
2353,121.446072591999993,31.207964197700001
2354,121.446072591999993,31.207964197700001
2355,121.446072591999993,31.207964197700001
2356,121.439554518999998,31.207966689999999
2357,121.452946022000006,31.207969969000001
2358,121.449267215000006,31.207970939900001
2359,121.449267215000006,31.207970939900001
2360,121.449267215000006,31.207970939900001
2361,121.438349622999993,31.207971875599998
2362,121.438822889999997,31.207974206900001
2363,121.444115217999993,31.207978588300001
2364,121.444115217999993,31.207978588300001
2365,121.444114436000007,31.207981255299998
2366,121.455648448999995,31.207990187499998
2367,121.456307112000005,31.207992316300000
2368,121.450805361999997,31.207992654100000
2369,121.450805361999997,31.207992654100000
2370,121.452354463999995,31.207996127300000
2371,121.452354463999995,31.207996127300000
2372,121.452354463999995,31.207996127300000
2373,121.452591139999996,31.207996664300001
2374,121.452591139999996,31.207996664300001
2375,121.452591139999996,31.207996664300001
2376,121.448245248000006,31.207997846300000
2377,121.448245248000006,31.207997846300000
2378,121.448245248000006,31.207997846300000
2379,121.453451114000003,31.207998657699999
2380,121.449422859999999,31.207999785199998
2381,121.438480644999999,31.208004690399999
2382,121.438480644999999,31.208004690399999
2383,121.438480644999999,31.208004690399999
2384,121.456802030000006,31.208010693999999
2385,121.456802030000006,31.208010693999999
2386,121.456802030000006,31.208010693999999
2387,121.451493838999994,31.208012532000001
2388,121.451493838999994,31.208012532000001
2389,121.451493838999994,31.208012532000001
2390,121.446406644999996,31.208019625300000
2391,121.448318955000005,31.208020678299999
2392,121.441054719999997,31.208028620299999
2393,121.451881114000003,31.208031745600000
2394,121.451881114000003,31.208031745600000
2395,121.451881114000003,31.208031745600000
2396,121.444666061999996,31.208033770200000
2397,121.444911047999994,31.208035211300000
2398,121.444911047999994,31.208035211300000
2399,121.444911047999994,31.208035211300000
2400,121.444911047999994,31.208035211300000
2401,121.443924336999999,31.208038083999998
2402,121.457354572000000,31.208039506999999
2403,121.448906379999997,31.208042028500000
2404,121.457368144000000,31.208044570199998
2405,121.457368144000000,31.208044570199998
2406,121.457368144000000,31.208044570199998
2407,121.451676661999997,31.208046979799999
2408,121.453450386000000,31.208053662499999
2409,121.453450386000000,31.208053662499999
2410,121.445276710000002,31.208054293899998
2411,121.445276710000002,31.208054293899998
2412,121.445276710000002,31.208054293899998
2413,121.456470272000004,31.208062668299998
2414,121.440588059999996,31.208063539200001
2415,121.440588059999996,31.208063539200001
2416,121.450009326000000,31.208064276399998
2417,121.450009326000000,31.208064276399998
2418,121.450009326000000,31.208064276399998
2419,121.456433094000005,31.208064420400000
2420,121.436823465000003,31.208065845600000
2421,121.457452782000004,31.208071677700001
2422,121.449901754999999,31.208082385000001
2423,121.449901754999999,31.208082385000001
2424,121.449901754999999,31.208082385000001
2425,121.451020501000002,31.208084852100001
2426,121.442546652999994,31.208088185499999
2427,121.456550394999994,31.208097633300000
2428,121.450783838000007,31.208102670799999
2429,121.450783838000007,31.208102670799999
2430,121.450783838000007,31.208102670799999
2431,121.439474669000006,31.208119587900001
2432,121.449677281000007,31.208135069699999
2433,121.440017535999999,31.208135989199999
2434,121.450966296999994,31.208137617300000
2435,121.439292476000006,31.208142750899999
2436,121.448675487000003,31.208153105099999
2437,121.457088342000006,31.208155609399999
2438,121.450483754999993,31.208157176499999
2439,121.450483754999993,31.208157176499999
2440,121.452268386000000,31.208161028500001
2441,121.452268386000000,31.208161028500001
2442,121.452268386000000,31.208161028500001
2443,121.452268386000000,31.208161028500001
2444,121.444664446000004,31.208164535000002
2445,121.438191169999996,31.208167579300000
2446,121.436999041999997,31.208173708099999
2447,121.436999041999997,31.208173708099999
2448,121.443121210000001,31.208174952699999
2449,121.456734092000005,31.208175728600001
2450,121.444889525999997,31.208181920400001
2451,121.444889525999997,31.208181920400001
2452,121.444889525999997,31.208181920400001
2453,121.444889525999997,31.208181920400001
2454,121.444449010000000,31.208184075999998
2455,121.450030828999999,31.208192731800001
2456,121.450030828999999,31.208192731800001
2457,121.450030828999999,31.208192731800001
2458,121.450762315000006,31.208194343300001
2459,121.450762315000006,31.208194343300001
2460,121.452569607000001,31.208198400000001
2461,121.452569607000001,31.208198400000001
2462,121.452569607000001,31.208198400000001
2463,121.445276696999997,31.208201046300001
2464,121.445276696999997,31.208201046300001
2465,121.445276696999997,31.208201046300001
2466,121.445276696999997,31.208201046300001
2467,121.438416118999996,31.208206357300000
2468,121.438416118999996,31.208206357300000
2469,121.438416118999996,31.208206357300000
2470,121.456830061000005,31.208208592500000
2471,121.456830061000005,31.208208592500000
2472,121.449191799999994,31.208209242900001
2473,121.449191799999994,31.208209242900001
2474,121.449191799999994,31.208209242900001
2475,121.448791772999996,31.208214392700000
2476,121.455057136999997,31.208219139800001
2477,121.445528195999998,31.208219433400000
2478,121.439749355000004,31.208227094900000
2479,121.439749355000004,31.208227094900000
2480,121.439749355000004,31.208227094900000
2481,121.451816550000004,31.208233384900002
2482,121.451816550000004,31.208233384900002
2483,121.451816550000004,31.208233384900002
2484,121.451816550000004,31.208233384900002
2485,121.447649983999995,31.208235887600001
2486,121.452913453999997,31.208243603400000
2487,121.454628546999999,31.208244288800000
2488,121.456943762999998,31.208256889899999
2489,121.446051056000002,31.208257658299999
2490,121.446051056000002,31.208257658299999
2491,121.446051056000002,31.208257658299999
2492,121.447645867999995,31.208261487300000
2493,121.447645867999995,31.208261487300000
2494,121.450467758000002,31.208266960600000
2495,121.437110876999995,31.208271328700000
2496,121.455624349000004,31.208278969500000
2497,121.453434096999999,31.208283745799999
2498,121.442445522000000,31.208284668600001
2499,121.450452181000003,31.208284856799999
2500,121.455571663000001,31.208286330400000
2501,121.443253494000004,31.208286785900000
2502,121.449412826000000,31.208291343500001
2503,121.453433908999997,31.208292036300001
2504,121.453433908999997,31.208292036300001
2505,121.457045789000006,31.208299564899999
2506,121.457045789000006,31.208299564899999
2507,121.439972100999995,31.208302242100000
2508,121.441804142999999,31.208303714300001
2509,121.443214186999995,31.208305865200000
2510,121.443214186999995,31.208305865200000
2511,121.444669927999996,31.208308619000000
2512,121.440842963999998,31.208310988000001
2513,121.448471312999999,31.208316102700000
2514,121.448223708000000,31.208317235700001
2515,121.448223708000000,31.208317235700001
2516,121.440889115000004,31.208320915300000
2517,121.440889115000004,31.208320915300000
2518,121.440889115000004,31.208320915300000
2519,121.450442315000004,31.208322376700000
2520,121.450442315000004,31.208322376700000
2521,121.444889513000007,31.208328672600000
2522,121.444889513000007,31.208328672600000
2523,121.444889513000007,31.208328672600000
2524,121.444889513000007,31.208328672600000
2525,121.437249319000003,31.208329371100000
2526,121.452225338000005,31.208344371300001
2527,121.452225338000005,31.208344371300001
2528,121.452225338000005,31.208344371300001
2529,121.456089301999995,31.208344428499998
2530,121.445255175000000,31.208347754900000
2531,121.445255175000000,31.208347754900000
2532,121.445255175000000,31.208347754900000
2533,121.449060263999996,31.208358132200001
2534,121.450719272000001,31.208359344300000
2535,121.450719272000001,31.208359344300000
2536,121.449057585000006,31.208359375099999
2537,121.452733953999996,31.208361010600001
2538,121.451597888999999,31.208377852100000
2539,121.438370597000002,31.208379328800000
2540,121.452956884000002,31.208382723200000
2541,121.452956884000002,31.208382723200000
2542,121.452956884000002,31.208382723200000
2543,121.456378216000004,31.208390725800001
2544,121.456378216000004,31.208390725800001
2545,121.456378216000004,31.208390725800001
2546,121.456767170000006,31.208392205799999
2547,121.456767170000006,31.208392205799999
2548,121.443835093000004,31.208399964600002
2549,121.443835093000004,31.208399964600002
2550,121.441348732999998,31.208401978500000
2551,121.451751987999998,31.208416679900001
2552,121.451751987999998,31.208416679900001
2553,121.451751987999998,31.208416679900001
2554,121.438788517000006,31.208417131600001
2555,121.443986128000006,31.208418589299999
2556,121.443986128000006,31.208418589299999
2557,121.454247898999995,31.208424283399999
2558,121.453433591000007,31.208439396300001
2559,121.452188608000000,31.208448648200001
2560,121.439303179999996,31.208449063400000
2561,121.439303179999996,31.208449063400000
2562,121.452353071000005,31.208454532400001
2563,121.444867993000003,31.208457037300001
2564,121.444867993000003,31.208457037300001
2565,121.444867993000003,31.208457037300001
2566,121.444685292000003,31.208457069100000
2567,121.456980752000007,31.208465547700001
2568,121.456980752000007,31.208465547700001
2569,121.456980752000007,31.208465547700001
2570,121.457406071999998,31.208468141600001
2571,121.443813822999999,31.208478978599999
2572,121.442606751000000,31.208484287099999
2573,121.438100199000004,31.208499441200001
2574,121.448223691999999,31.208500675700002
2575,121.448223691999999,31.208500675700002
2576,121.448223691999999,31.208500675700002
2577,121.448448936000005,31.208501156299999
2578,121.457202468000006,31.208503882399999
2579,121.455597509000000,31.208504158299998
2580,121.445150529000003,31.208512975500000
2581,121.445150529000003,31.208512975500000
2582,121.445150529000003,31.208512975500000
2583,121.442024727000003,31.208513544700001
2584,121.449866895000000,31.208515473100000
2585,121.445318976999999,31.208517024100001
2586,121.445232637000004,31.208520578400002
2587,121.445232637000004,31.208520578400002
2588,121.445232637000004,31.208520578400002
2589,121.447902369999994,31.208522729799999
2590,121.445276668999995,31.208523094299998
2591,121.445276668999995,31.208523094299998
2592,121.445276668999995,31.208523094299998
2593,121.445111703999999,31.208523500900000
2594,121.452563486000003,31.208526293700000
2595,121.444040771000004,31.208530687500001
2596,121.439263612000005,31.208532408600000
2597,121.445842862000006,31.208542913100001
2598,121.452913836999997,31.208547720700000
2599,121.452913836999997,31.208547720700000
2600,121.452913836999997,31.208547720700000
2601,121.439253410999996,31.208555714199999
2602,121.443397477000005,31.208558389699999
2603,121.447522948000000,31.208564372300000
2604,121.453430233999995,31.208567248700000
2605,121.453430233999995,31.208567248700000
2606,121.453507373999997,31.208567426399998
2607,121.447597779999995,31.208572506399999
2608,121.447597779999995,31.208572506399999
2609,121.456505984000003,31.208574187800000
2610,121.450374135000004,31.208578521100002
2611,121.450374135000004,31.208578521100002
2612,121.444761743000001,31.208583165800000
2613,121.437605970000007,31.208585234499999
2614,121.456959221999995,31.208593903699999
2615,121.456959221999995,31.208593903699999
2616,121.456959221999995,31.208593903699999
2617,121.437674083999994,31.208594197099998
2618,121.437749495999995,31.208608754400000
2619,121.456691168000006,31.208614097600002
2620,121.456691168000006,31.208614097600002
2621,121.456691168000006,31.208614097600002
2622,121.456691168000006,31.208614097600002
2623,121.450654705999995,31.208616017200001
2624,121.450654705999995,31.208616017200001
2625,121.439784978999995,31.208624071900001
2626,121.445610955000006,31.208631884999999
2627,121.444417912999995,31.208634307699999
2628,121.449466072000007,31.208644032999999
2629,121.452892310999999,31.208657735399999
2630,121.452892310999999,31.208657735399999
2631,121.452892310999999,31.208657735399999
2632,121.444416282999995,31.208657916000000
2633,121.444416282999995,31.208657916000000
2634,121.444416282999995,31.208657916000000
2635,121.452584360000003,31.208659424400000
2636,121.456937695999997,31.208667227700001
2637,121.456937695999997,31.208667227700001
2638,121.456937695999997,31.208667227700001
2639,121.447572139000002,31.208681690100001
2640,121.448073089999994,31.208683794999999
2641,121.448073089999994,31.208683794999999
2642,121.448073089999994,31.208683794999999
2643,121.438080745999997,31.208693616800002
2644,121.438941588000006,31.208694969500002
2645,121.448202162000001,31.208702413499999
2646,121.448202162000001,31.208702413499999
2647,121.448202162000001,31.208702413499999
2648,121.450797145999999,31.208704663799999
2649,121.440915468000000,31.208712116499999
2650,121.452353231000004,31.208719743300001
2651,121.456916171000003,31.208722207800001
2652,121.456916171000003,31.208722207800001
2653,121.456916171000003,31.208722207800001
2654,121.450336797000006,31.208724834200002
2655,121.437865858999999,31.208732294600001
2656,121.453430097999998,31.208734739400001
2657,121.448718462000002,31.208740205200002
2658,121.448718462000002,31.208740205200002
2659,121.448718462000002,31.208740205200002
2660,121.448965182999999,31.208741493800002
2661,121.444695893000002,31.208750195099999
2662,121.444695893000002,31.208750195099999
2663,121.444695893000002,31.208750195099999
2664,121.444824948999994,31.208750454200000
2665,121.444824948999994,31.208750454200000
2666,121.444824948999994,31.208750454200000
2667,121.438516117999995,31.208754852300000
2668,121.446108295000002,31.208755712700000
2669,121.457174404000000,31.208759518099999
2670,121.457174404000000,31.208759518099999
2671,121.457174404000000,31.208759518099999
2672,121.445040042000002,31.208769231300000
2673,121.445040042000002,31.208769231300000
2674,121.445040042000002,31.208769231300000
2675,121.440278800000002,31.208776625599999
2676,121.456634218000005,31.208780363700001
2677,121.456634218000005,31.208780363700001
2678,121.456634218000005,31.208780363700001
2679,121.451924079999998,31.208783946499999
2680,121.451924079999998,31.208783946499999
2681,121.451924079999998,31.208783946499999
2682,121.451931439999996,31.208785531800000
2683,121.445341175999999,31.208788184500001
2684,121.445341175999999,31.208788184500001
2685,121.445341175999999,31.208788184500001
2686,121.439145464999996,31.208793783400001
2687,121.454377784000002,31.208803515100001
2688,121.446628480000001,31.208807863600001
2689,121.456205115000003,31.208816506300000
2690,121.441747151000001,31.208820857700001
2691,121.452603580000002,31.208822759499999
2692,121.454085168000006,31.208824151599998
2693,121.453969603000004,31.208829244000000
2694,121.447540219000004,31.208830121900000
2695,121.447540219000004,31.208830121900000
2696,121.456894641999995,31.208832219600001
2697,121.456894641999995,31.208832219600001
2698,121.456894641999995,31.208832219600001
2699,121.443937215000005,31.208835346899999
2700,121.447814930000007,31.208848343100001
2701,121.447814930000007,31.208848343100001
2702,121.442904287000005,31.208855801900000
2703,121.453446459000006,31.208858810100001
2704,121.438098776000004,31.208859112799999
2705,121.445921941999998,31.208862744499999
2706,121.445921941999998,31.208862744499999
2707,121.445921941999998,31.208862744499999
2708,121.447149226999997,31.208863481000002
2709,121.448051562000003,31.208867188700001
2710,121.448051562000003,31.208867188700001
2711,121.448051562000003,31.208867188700001
2712,121.446009712999995,31.208868682599999
2713,121.448173413999996,31.208874376000001
2714,121.452924233000005,31.208878769399998
2715,121.447543655000004,31.208885407200000
2716,121.456873118000004,31.208887199599999
2717,121.456873118000004,31.208887199599999
2718,121.456873118000004,31.208887199599999
2719,121.450645668999996,31.208890711799999
2720,121.452440449999997,31.208895177799999
2721,121.452440449999997,31.208895177799999
2722,121.445706835999999,31.208898992300000
2723,121.445706835999999,31.208898992300000
2724,121.445706835999999,31.208898992300000
2725,121.448696935000001,31.208905254299999
2726,121.448696935000001,31.208905254299999
2727,121.448696935000001,31.208905254299999
2728,121.448696935000001,31.208905254299999
2729,121.438145108000001,31.208917627799998
2730,121.443694374000003,31.208918161700002
2731,121.449051198999996,31.208923383100000
2732,121.457152870000002,31.208924561500002
2733,121.457152870000002,31.208924561500002
2734,121.457152870000002,31.208924561500002
2735,121.449872563000000,31.208929249699999
2736,121.443677119000000,31.208940032400001
2737,121.439057765000001,31.208946778500000
2738,121.440763980000000,31.208947344300000
2739,121.443684500000003,31.208950171600002
2740,121.443684500000003,31.208950171600002
2741,121.455542644000005,31.208952712500000
2742,121.451569180999996,31.208956901899999
2743,121.457359326000002,31.208958063499999
2744,121.444620929999999,31.208978313100001
2745,121.449944704999993,31.208981334000001
2746,121.454855338000002,31.208990003099998
2747,121.456711790000000,31.209012547800000
2748,121.447497780999996,31.209012769000001
2749,121.447497780999996,31.209012769000001
2750,121.438940966999994,31.209019451100001
2751,121.456830065999995,31.209033847400001
2752,121.456830065999995,31.209033847400001
2753,121.456830065999995,31.209033847400001
2754,121.448021764999993,31.209034371000001
2755,121.438995145999996,31.209050361199999
2756,121.438995145999996,31.209050361199999
2757,121.445086407999995,31.209053702599999
2758,121.448545512999999,31.209062281300000
2759,121.448696921000007,31.209070349400001
2760,121.448696921000007,31.209070349400001
2761,121.444329748000001,31.209099176599999
2762,121.456808541000001,31.209107171100001
2763,121.456808541000001,31.209107171100001
2764,121.456808541000001,31.209107171100001
2765,121.449180588000004,31.209110069600001
2766,121.443196267000005,31.209112400799999
2767,121.442104635000007,31.209117294999999
2768,121.455353336000002,31.209120139900001
2769,121.456990954999995,31.209123520900000
2770,121.447474705000005,31.209124776300001
2771,121.438519760000005,31.209128350800000
2772,121.443125739999999,31.209132313000001
2773,121.455850065000007,31.209140180599999
2774,121.447467668000002,31.209140808099999
2775,121.447472185999999,31.209141331600001
2776,121.447472185999999,31.209141331600001
2777,121.455515336999994,31.209158617700002
2778,121.446195876999994,31.209163674300001
2779,121.450224371000004,31.209165386700001
2780,121.450224371000004,31.209165386700001
2781,121.450224371000004,31.209165386700001
2782,121.456499300999994,31.209174254600001
2783,121.456499300999994,31.209174254600001
2784,121.456499300999994,31.209174254600001
2785,121.456499300999994,31.209174254600001
2786,121.447994336999997,31.209181599699999
2787,121.453415526000001,31.209185555600001
2788,121.451515251999993,31.209186593900000
2789,121.451515251999993,31.209186593900000
2790,121.452400195999999,31.209189612900001
2791,121.442615610000004,31.209219968799999
2792,121.444136619000005,31.209226020399999
2793,121.444136619000005,31.209226020399999
2794,121.444136619000005,31.209226020399999
2795,121.454669781000007,31.209245736300002
2796,121.456765489000006,31.209253818600001
2797,121.456765489000006,31.209253818600001
2798,121.456765489000006,31.209253818600001
2799,121.456765489000006,31.209253818600001
2800,121.441111905000000,31.209258523900001
2801,121.457325291000004,31.209273449299999
2802,121.457324998999994,31.209273511100001
2803,121.449342260999998,31.209273630799999
2804,121.449342260999998,31.209273630799999
2805,121.449342260999998,31.209273630799999
2806,121.445804205000002,31.209274375900002
2807,121.457314425999996,31.209274509899998
2808,121.450999732000000,31.209282786599999
2809,121.442250755000003,31.209290628000002
2810,121.456923312000001,31.209291788700000
2811,121.450184942000007,31.209299737900000
2812,121.449471375000002,31.209310491699998
2813,121.449471375000002,31.209310491699998
2814,121.449471375000002,31.209310491699998
2815,121.456452569000007,31.209310689900001
2816,121.456452569000007,31.209310689900001
2817,121.456452569000007,31.209310689900001
2818,121.443932399999994,31.209317161500000
2819,121.455184414000001,31.209321985799999
2820,121.443950185999995,31.209325176099998
2821,121.454080415000007,31.209325774300002
2822,121.448998079999996,31.209327811200001
2823,121.448998079999996,31.209327811200001
2824,121.448998079999996,31.209327811200001
2825,121.438780648999995,31.209328740499998
2826,121.445012519000002,31.209333211099999
2827,121.453408651000004,31.209337643100000
2828,121.453408651000004,31.209337643100000
2829,121.453555886000004,31.209337982299999
2830,121.456195563999998,31.209340045699999
2831,121.454650192000003,31.209347263700000
2832,121.449837103999997,31.209347976099998
2833,121.449837103999997,31.209347976099998
2834,121.449837103999997,31.209347976099998
2835,121.450504606999999,31.209348819700001
2836,121.450504606999999,31.209348819700001
2837,121.452885593000005,31.209354788399999
2838,121.443582172000006,31.209358748800000
2839,121.455502506000002,31.209360578500000
2840,121.451879937000001,31.209368136500000
2841,121.448266641000004,31.209381274700000
2842,121.448266641000004,31.209381274700000
2843,121.456722439000004,31.209382122099999
2844,121.456722439000004,31.209382122099999
2845,121.441890435000005,31.209383490400000
2846,121.439341648999999,31.209386499099999
2847,121.451472203999998,31.209388279799999
2848,121.451472203999998,31.209388279799999
2849,121.451472203999998,31.209388279799999
2850,121.456766302000005,31.209392910799998
2851,121.438943437000006,31.209394465799999
2852,121.455708415000004,31.209397412900000
2853,121.455708415000004,31.209397412900000
2854,121.455708415000004,31.209397412900000
2855,121.455702943999995,31.209397669900000
2856,121.450586983999997,31.209398853900002
2857,121.449298498000005,31.209401661800001
2858,121.449298498000005,31.209401661800001
2859,121.449298498000005,31.209401661800001
2860,121.451463305999994,31.209411015600001
2861,121.444478297000003,31.209412356800001
2862,121.457287523999995,31.209412640400000
2863,121.454893346000006,31.209414456699999
2864,121.454893346000006,31.209414456699999
2865,121.443254534000005,31.209424903100000
2866,121.455308387000002,31.209432292999999
2867,121.442200897999996,31.209442372400002
2868,121.442200897999996,31.209442372400002
2869,121.442200897999996,31.209442372400002
2870,121.442200897999996,31.209442372400002
2871,121.448785375000000,31.209449406099999
2872,121.438999749999994,31.209451737300000
2873,121.447996549999999,31.209453716199999
2874,121.455511275000006,31.209453925900000
2875,121.455511275000006,31.209453925900000
2876,121.455511275000006,31.209453925900000
2877,121.445680104000004,31.209459620800001
2878,121.456153080000007,31.209472700700001
2879,121.456153080000007,31.209472700700001
2880,121.456153080000007,31.209472700700001
2881,121.448976553999998,31.209474515400000
2882,121.448976553999998,31.209474515400000
2883,121.448976553999998,31.209474515400000
2884,121.448976553999998,31.209474515400000
2885,121.449263598000002,31.209493063600000
2886,121.449263598000002,31.209493063600000
2887,121.449263598000002,31.209493063600000
2888,121.455496906999997,31.209496705799999
2889,121.456033327000000,31.209499668300001
2890,121.456270524999994,31.209501585700000
2891,121.456270524999994,31.209501585700000
2892,121.456270524999994,31.209501585700000
2893,121.456141410000001,31.209509138800001
2894,121.456141410000001,31.209509138800001
2895,121.457261830999997,31.209511828200000
2896,121.457261830999997,31.209511828200000
2897,121.442574652000005,31.209518424900001
2898,121.456270521999997,31.209527790599999
2899,121.456270521999997,31.209527790599999
2900,121.456378118000003,31.209528047700001
2901,121.456378118000003,31.209528047700001
2902,121.456378118000003,31.209528047700001
2903,121.450719168999996,31.209551697799998
2904,121.450719168999996,31.209551697799998
2905,121.456270520000004,31.209559228600000
2906,121.447407828999999,31.209572116899999
2907,121.447299494000006,31.209576619900002
2908,121.448976544999994,31.209584578200001
2909,121.448976544999994,31.209584578200001
2910,121.448976544999994,31.209584578200001
2911,121.441871477000007,31.209586317199999
2912,121.454357913999999,31.209586596800001
2913,121.442685083000001,31.209588446800002
2914,121.450912790999993,31.209588861499999
2915,121.450912790999993,31.209588861499999
2916,121.447612930000005,31.209597450299999
2917,121.447416770999993,31.209599828399998
2918,121.456631315999999,31.209600601500000
2919,121.443340777000003,31.209609672199999
2920,121.443340777000003,31.209609672199999
2921,121.443340777000003,31.209609672199999
2922,121.453395153000002,31.209636241300000
2923,121.448245106000002,31.209638042100000
2924,121.448245106000002,31.209638042100000
2925,121.448245106000002,31.209638042100000
2926,121.446884951000001,31.209640474499999
2927,121.442157867000006,31.209644071800000
2928,121.442157867000006,31.209644071800000
2929,121.442157867000006,31.209644071800000
2930,121.442157867000006,31.209644071800000
2931,121.442977157000001,31.209644857499999
2932,121.451021859999997,31.209651244100002
2933,121.439764789999998,31.209653246199998
2934,121.439365558000006,31.209662395100001
2935,121.448767623999998,31.209679666600000
2936,121.449438555000000,31.209679772800001
2937,121.444768103000001,31.209687723100000
2938,121.457141332000006,31.209693924300002
2939,121.448955022000007,31.209694594500000
2940,121.448955022000007,31.209694594500000
2941,121.448955022000007,31.209694594500000
2942,121.441022966000006,31.209698121300001
2943,121.442486377999998,31.209698720500000
2944,121.451106193000001,31.209700087000002
2945,121.451106193000001,31.209700087000002
2946,121.454850303000001,31.209707739799999
2947,121.454850303000001,31.209707739799999
2948,121.454850303000001,31.209707739799999
2949,121.444221110000001,31.209711424999998
2950,121.457217361000005,31.209713502500001
2951,121.457217361000005,31.209713502500001
2952,121.443498837000007,31.209723369399999
2953,121.454950229000005,31.209729896999999
2954,121.450056595000007,31.209737064700001
2955,121.455456960999996,31.209746576000001
2956,121.455456960999996,31.209746576000001
2957,121.447365852000004,31.209746579699999
2958,121.447365852000004,31.209746579699999
2959,121.449703521999993,31.209756188800000
2960,121.447578218999993,31.209765035299998
2961,121.447578218999993,31.209765035299998
2962,121.447578218999993,31.209765035299998
2963,121.454568261000006,31.209772953100000
2964,121.441870656999996,31.209773666000000
2965,121.445663738999997,31.209779408300001
2966,121.445663738999997,31.209779408300001
2967,121.445663738999997,31.209779408300001
2968,121.455978633000001,31.209792621100000
2969,121.447906954999993,31.209793763000000
2970,121.443459716000007,31.209797079499999
2971,121.451731546000005,31.209800175100000
2972,121.446892419999998,31.209804160000001
2973,121.457217353000004,31.209812345700001
2974,121.453387995000000,31.209814630400000
2975,121.453387995000000,31.209814630400000
2976,121.455462276000006,31.209818207900000
2977,121.442114840000002,31.209827417200000
2978,121.442114840000002,31.209827417200000
2979,121.442114840000002,31.209827417200000
2980,121.442114840000002,31.209827417200000
2981,121.453774396000000,31.209833768900001
2982,121.453774396000000,31.209833768900001
2983,121.453778087000003,31.209833908600000
2984,121.444306862000005,31.209835986500000
2985,121.456721420999997,31.209839096100001
2986,121.451342445999998,31.209849233300002
2987,121.454301283999996,31.209854901300002
2988,121.447342750999994,31.209856390700001
2989,121.447342750999994,31.209856390700001
2990,121.439621407000004,31.209858044699999
2991,121.448223854000005,31.209858142900000
2992,121.448223854000005,31.209858142900000
2993,121.448223854000005,31.209858142900000
2994,121.440093273000002,31.209860352400000
2995,121.440093273000002,31.209860352400000
2996,121.446107870999995,31.209862241700002
2997,121.455065450000006,31.209873466700000
2998,121.455065450000006,31.209873466700000
2999,121.455065450000006,31.209873466700000
3000,121.442447270000002,31.209881024000001
3001,121.448746498000006,31.209898585700000
3002,121.450009167999994,31.209898666000001
3003,121.450009167999994,31.209898666000001
3004,121.451457672999993,31.209901890699999
3005,121.448955002999995,31.209914719499999
3006,121.448955002999995,31.209914719499999
3007,121.448955002999995,31.209914719499999
3008,121.457217344000000,31.209915283699999
3009,121.457217344000000,31.209915283699999
3010,121.444008929999995,31.209918948100000
3011,121.439785725999997,31.209932592099999
3012,121.444370430999996,31.209943659299999
3013,121.443405354000006,31.209958353600001
3014,121.443405354000006,31.209958353600001
3015,121.448199392000006,31.209961135800000
3016,121.450528430999995,31.209963517999999
3017,121.454527604000006,31.209963950399999
3018,121.454527604000006,31.209963950399999
3019,121.454527604000006,31.209963950399999
3020,121.455439706000007,31.209965766400000
3021,121.450611765999994,31.209973278500001
3022,121.450611765999994,31.209973278500001
3023,121.450611765999994,31.209973278500001
3024,121.450611507999994,31.209973388200002
3025,121.450611507999994,31.209973388200002
3026,121.441848078000007,31.209985742200001
3027,121.452642589000007,31.209990741399999
3028,121.450805200000005,31.209992140499999
3029,121.450805200000005,31.209992140499999
3030,121.453774385000003,31.209998882499999
3031,121.453774385000003,31.209998882499999
3032,121.453774385000003,31.209998882499999
3033,121.453774921999994,31.209998893000002
3034,121.447912250000002,31.210006999699999
3035,121.451662894999998,31.210007101999999
3036,121.451662894999998,31.210007101999999
3037,121.454299449000004,31.210009031199998
3038,121.447314637000005,31.210015711000000
3039,121.445642183999993,31.210017708500001
3040,121.445642183999993,31.210017708500001
3041,121.445642183999993,31.210017708500001
3042,121.445620176000006,31.210019291399998
3043,121.439978296999996,31.210028664300001
3044,121.442050297999998,31.210029086700001
3045,121.442050297999998,31.210029086700001
3046,121.442050297999998,31.210029086700001
3047,121.442050297999998,31.210029086700001
3048,121.451020143999997,31.210029271000000
3049,121.451020143999997,31.210029271000000
3050,121.445097715000003,31.210055759599999
3051,121.448608113000006,31.210075527699999
3052,121.455021623999997,31.210077446200000
3053,121.455021623999997,31.210077446200000
3054,121.455021623999997,31.210077446200000
3055,121.452615320000007,31.210077668099999
3056,121.453386370999993,31.210087155299998
3057,121.449629530999999,31.210087754900002
3058,121.457028097999995,31.210088455200001
3059,121.442336998000002,31.210089431200000
3060,121.444491048000003,31.210098174900001
3061,121.453213833000007,31.210100293499998
3062,121.445799502000000,31.210109932900000
3063,121.447291288000002,31.210113451400002
3064,121.457217326000006,31.210117064599999
3065,121.440523286000001,31.210118850499999
3066,121.453389071999993,31.210126755800001
3067,121.445663769999996,31.210127930999999
3068,121.445663769999996,31.210127930999999
3069,121.445663769999996,31.210127930999999
3070,121.440887638999996,31.210132989800002
3071,121.450148334999994,31.210140109600001
3072,121.444007486999993,31.210141923599998
3073,121.444007486999993,31.210141923599998
3074,121.444007486999993,31.210141923599998
3075,121.451899667000006,31.210144464599999
3076,121.441787610999995,31.210154591999999
3077,121.447535160000001,31.210168506500001
3078,121.447535160000001,31.210168506500001
3079,121.447535160000001,31.210168506500001
3080,121.452776362999998,31.210172438400001
3081,121.449929979000004,31.210174755400001
3082,121.442007271999998,31.210194096100000
3083,121.442007271999998,31.210194096100000
3084,121.442007271999998,31.210194096100000
3085,121.442007271999998,31.210194096100000
3086,121.440205590000005,31.210203139400001
3087,121.454095565000003,31.210208272100001
3088,121.450544438999998,31.210211231999999
3089,121.450544438999998,31.210211231999999
3090,121.450544438999998,31.210211231999999
3091,121.449256160999994,31.210227212900001
3092,121.443330008999993,31.210233955000000
3093,121.448169297999996,31.210245501700001
3094,121.442248892999999,31.210251182000000
3095,121.454462915999997,31.210257273300002
3096,121.454462915999997,31.210257273300002
3097,121.454462915999997,31.210257273300002
3098,121.440273907999995,31.210277990300000
3099,121.443616821999996,31.210279592799999
3100,121.440802922000003,31.210283545500001
3101,121.449901565999994,31.210283648400001
3102,121.449901565999994,31.210283648400001
3103,121.450934251999996,31.210285924000001
3104,121.450934251999996,31.210285924000001
3105,121.450934251999996,31.210285924000001
3106,121.443749373000003,31.210289192299999
3107,121.443749373000003,31.210289192299999
3108,121.450966264000002,31.210293793599998
3109,121.441718793000007,31.210320575699999
3110,121.440778300999995,31.210323284099999
3111,121.454936300000000,31.210350102200000
3112,121.454936300000000,31.210350102200000
3113,121.454936300000000,31.210350102200000
3114,121.446631664999998,31.210354829400000
3115,121.446631664999998,31.210354829400000
3116,121.446631664999998,31.210354829400000
3117,121.441964244000005,31.210359107100000
3118,121.441964244000005,31.210359107100000
3119,121.441964244000005,31.210359107100000
3120,121.441964244000005,31.210359107100000
3121,121.449128900000005,31.210366240100001
3122,121.446459559000004,31.210367692399998
3123,121.446459559000004,31.210367692399998
3124,121.447750262000000,31.210370740599998
3125,121.447750262000000,31.210370740599998
3126,121.447750262000000,31.210370740599998
3127,121.455312264000000,31.210371617500002
3128,121.446825262999994,31.210371805899999
3129,121.446825262999994,31.210371805899999
3130,121.449335027999993,31.210375157400001
3131,121.449350644000006,31.210375195299999
3132,121.446932774999993,31.210394032100002
3133,121.450288807999996,31.210394559400001
3134,121.450288807999996,31.210394559400001
3135,121.456458104999996,31.210396058699999
3136,121.452333507000006,31.210398191900001
3137,121.452333507000006,31.210398191900001
3138,121.452333507000006,31.210398191900001
3139,121.446047528999998,31.210403901900001
3140,121.446029359999997,31.210405773100000
3141,121.446029359999997,31.210405773100000
3142,121.442209195000004,31.210415571700000
3143,121.451472115000001,31.210419976099999
3144,121.445937714999999,31.210421251000000
3145,121.447728742999999,31.210444069800001
3146,121.447728742999999,31.210444069800001
3147,121.447728742999999,31.210444069800001
3148,121.447777826999996,31.210444173599999
3149,121.448760204999999,31.210444356000000
3150,121.449866936000006,31.210449398000002
3151,121.450274488000005,31.210449454199999
3152,121.454893256999995,31.210460055999999
3153,121.454893256999995,31.210460055999999
3154,121.454893256999995,31.210460055999999
3155,121.447233971000003,31.210461372299999
3156,121.447233971000003,31.210461372299999
3157,121.445729690999997,31.210466394800001
3158,121.441696594999996,31.210468125700000
3159,121.450869691999998,31.210469217200000
3160,121.450869691999998,31.210469217200000
3161,121.450869691999998,31.210469217200000
3162,121.451472111000001,31.210470559699999
3163,121.451472111000001,31.210470559699999
3164,121.440624378999999,31.210474912500000
3165,121.444776665999996,31.210476515300002
3166,121.440629146999996,31.210478025099999
3167,121.440629146999996,31.210478025099999
3168,121.452476404999999,31.210481183599999
3169,121.445342150000002,31.210497029799999
3170,121.445342150000002,31.210497029799999
3171,121.441921218999994,31.210505774300000
3172,121.441921218999994,31.210505774300000
3173,121.441921218999994,31.210505774300000
3174,121.441921218999994,31.210505774300000
3175,121.452534245999999,31.210516390700000
3176,121.454722797000002,31.210523675499999
3177,121.454075576999998,31.210531526699999
3178,121.454075576999998,31.210531526699999
3179,121.454075576999998,31.210531526699999
3180,121.456098283000003,31.210536284100002
3181,121.456098283000003,31.210536284100002
3182,121.456098283000003,31.210536284100002
3183,121.453366490999997,31.210537816799999
3184,121.455268071000006,31.210552202300001
3185,121.444883508999993,31.210558235299999
3186,121.444841362000005,31.210563597499998
3187,121.454387424999993,31.210568231800000
3188,121.442188874999999,31.210579773199999
3189,121.452192678000003,31.210581167800001
3190,121.450822826000007,31.210587712300001
3191,121.452621293999997,31.210601195399999
3192,121.444318687999996,31.210602981299999
3193,121.448976455999997,31.210611825200001
3194,121.448976455999997,31.210611825200001
3195,121.448976455999997,31.210611825200001
3196,121.449811624000006,31.210614149700000
3197,121.451730282000000,31.210617887700000
3198,121.451730282000000,31.210617887700000
3199,121.451730282000000,31.210617887700000
3200,121.440847457999993,31.210620997100001
3201,121.440847457999993,31.210620997100001
3202,121.452101049999996,31.210626156800000
3203,121.454553981000004,31.210634154000001
3204,121.441632849000001,31.210635480600001
3205,121.443795344999998,31.210636075699998
3206,121.454962703999996,31.210638360499999
3207,121.449376795000006,31.210669063899999
3208,121.443272019000005,31.210669271099999
3209,121.441856684000001,31.210670744000002
3210,121.441856684000001,31.210670744000002
3211,121.441856684000001,31.210670744000002
3212,121.441856684000001,31.210670744000002
3213,121.443211637999994,31.210673353899999
3214,121.443211637999994,31.210673353899999
3215,121.455205449000005,31.210686425300000
3216,121.456550170000000,31.210702456300002
3217,121.456550170000000,31.210702456300002
3218,121.456550170000000,31.210702456300002
3219,121.446789796000004,31.210710045100001
3220,121.452053007999993,31.210710332400001
3221,121.452053007999993,31.210710332400001
3222,121.452053007999993,31.210710332400001
3223,121.447186662999997,31.210716645700000
3224,121.447186662999997,31.210716645700000
3225,121.455193257000005,31.210717147299999
3226,121.455193257000005,31.210717147299999
3227,121.449781052000006,31.210719993800002
3228,121.442144583000001,31.210727635000001
3229,121.456012189999996,31.210737858800002
3230,121.456012189999996,31.210737858800002
3231,121.456012189999996,31.210737858800002
3232,121.452906784000007,31.210738944300001
3233,121.451386025999994,31.210745521300002
3234,121.451386025999994,31.210745521300002
3235,121.451386025999994,31.210745521300002
3236,121.447826333999998,31.210748430700001
3237,121.441041553999995,31.210748518500001
3238,121.446318790999996,31.210756450900000
3239,121.452213997000001,31.210765701600000
3240,121.447268074999997,31.210779300700001
3241,121.449764314000006,31.210796371699999
3242,121.449764314000006,31.210796371699999
3243,121.441588087000000,31.210797253700001
3244,121.454391360000002,31.210799324200000
3245,121.457142939999997,31.210811692099998
3246,121.448954925999999,31.210813558300000
3247,121.448954925999999,31.210813558300000
3248,121.448954925999999,31.210813558300000
3249,121.457155252000007,31.210813972899999
3250,121.457157945000006,31.210813979299999
3251,121.448986970999997,31.210820185500001
3252,121.454484385000001,31.210825975799999
3253,121.454484385000001,31.210825975799999
3254,121.454484385000001,31.210825975799999
3255,121.454484385000001,31.210825975799999
3256,121.441813656999997,31.210835754500000
3257,121.441813656999997,31.210835754500000
3258,121.441813656999997,31.210835754500000
3259,121.441813656999997,31.210835754500000
3260,121.451665716999997,31.210837865700000
3261,121.451665716999997,31.210837865700000
3262,121.451665716999997,31.210837865700000
3263,121.451665716999997,31.210837865700000
3264,121.454473608000001,31.210856567699999
3265,121.445049241000007,31.210861856299999
3266,121.456464079000000,31.210867342299998
3267,121.456464079000000,31.210867342299998
3268,121.456464079000000,31.210867342299998
3269,121.454678572000006,31.210874129000000
3270,121.447014014000004,31.210879618000000
3271,121.445900257000005,31.210880511300001
3272,121.445900257000005,31.210880511300001
3273,121.445900257000005,31.210880511300001
3274,121.455291340000002,31.210885492399999
3275,121.455679330999999,31.210887115999999
3276,121.450159679999999,31.210889553000001
3277,121.450159679999999,31.210889553000001
3278,121.450159679999999,31.210889553000001
3279,121.442125297000004,31.210895515699999
3280,121.457146671999993,31.210896666899998
3281,121.443039554999999,31.210911485099999
3282,121.443039554999999,31.210911485099999
3283,121.446871536000003,31.210914918600000
3284,121.446871536000003,31.210914918600000
3285,121.455103578000006,31.210917090500001
3286,121.449496373000002,31.210926492500001
3287,121.451923894999993,31.210930164099999
3288,121.451923894999993,31.210930164099999
3289,121.451923894999993,31.210930164099999
3290,121.451923894999993,31.210930164099999
3291,121.448257580999993,31.210937005600002
3292,121.456670235999994,31.210941158800001
3293,121.455176057000003,31.210948155200001
3294,121.452989197999997,31.210949481200000
3295,121.455904576999998,31.210957725699998
3296,121.455904576999998,31.210957725699998
3297,121.453343958000005,31.210988426499998
3298,121.453343958000005,31.210988426499998
3299,121.453343958000005,31.210988426499998
3300,121.453343958000005,31.210988426499998
3301,121.453343958000005,31.210988426499998
3302,121.450670637000002,31.210992334000000
3303,121.455078854000007,31.210994736400000
3304,121.441390338999994,31.210996657900001
3305,121.452161216999997,31.210998147000002
3306,121.441770629999994,31.211000764700000
3307,121.441770629999994,31.211000764700000
3308,121.441770629999994,31.211000764700000
3309,121.453399782000005,31.211005477200001
3310,121.450805099999997,31.211019381500002
3311,121.450805099999997,31.211019381500002
3312,121.450805099999997,31.211019381500002
3313,121.441459209000001,31.211021562799999
3314,121.443335840000003,31.211029841700000
3315,121.446522396999995,31.211034148200000
3316,121.451601152999999,31.211039500500000
3317,121.451601152999999,31.211039500500000
3318,121.451601152999999,31.211039500500000
3319,121.451601152999999,31.211039500500000
3320,121.452838444999998,31.211042695300002
3321,121.445461584000000,31.211044908600002
3322,121.456385272000006,31.211051853699999
3323,121.448933392000001,31.211051978099999
3324,121.448933392000001,31.211051978099999
3325,121.448933392000001,31.211051978099999
3326,121.449852733000000,31.211052404400000
3327,121.449699812999995,31.211054762200000
3328,121.442058669000005,31.211056393300002
3329,121.453171818000001,31.211061405500001
3330,121.453171818000001,31.211061405500001
3331,121.447644237000006,31.211065759699999
3332,121.457130074999995,31.211070536099999
3333,121.447633694999993,31.211071634000000
3334,121.446394961999999,31.211082923500001
3335,121.446394961999999,31.211082923500001
3336,121.455042423999998,31.211083956800000
3337,121.455042423999998,31.211083956800000
3338,121.455658872000001,31.211084540900000
3339,121.448684876000002,31.211107851300000
3340,121.450095118999997,31.211109533799998
3341,121.450095118999997,31.211109533799998
3342,121.450095118999997,31.211109533799998
3343,121.451292117999998,31.211111402200000
3344,121.457120525999997,31.211125913699998
3345,121.451837815000005,31.211131749200000
3346,121.451837815000005,31.211131749200000
3347,121.451837815000005,31.211131749200000
3348,121.451837815000005,31.211131749200000
3349,121.446767244000000,31.211139939700001
3350,121.446213303999997,31.211150709599998
3351,121.453894251999998,31.211156506500000
3352,121.448761278999996,31.211161668900001
3353,121.448761278999996,31.211161668900001
3354,121.448761278999996,31.211161668900001
3355,121.449096420999993,31.211162098999999
3356,121.452753846999997,31.211165870300000
3357,121.442836659999998,31.211167432700002
3358,121.443686174000007,31.211167602400000
3359,121.443686174000007,31.211167602400000
3360,121.443686174000007,31.211167602400000
3361,121.449138505999997,31.211168577300000
3362,121.441725910000002,31.211168960399998
3363,121.453107259000006,31.211171318600002
3364,121.453107259000006,31.211171318600002
3365,121.453107259000006,31.211171318600002
3366,121.452215873000000,31.211174530200001
3367,121.452215873000000,31.211174530200001
3368,121.452215873000000,31.211174530200001
3369,121.446394974000000,31.211175026799999
3370,121.446394974000000,31.211175026799999
3371,121.451515079999993,31.211186055199999
3372,121.451515079999993,31.211186055199999
3373,121.451515079999993,31.211186055199999
3374,121.452203574999999,31.211205948400000
3375,121.452203574999999,31.211205948400000
3376,121.452203574999999,31.211205948400000
3377,121.447850801000001,31.211219729900002
3378,121.446052800000004,31.211219981900001
3379,121.447871157999998,31.211221261799999
3380,121.452440249000006,31.211224828199999
3381,121.452440249000006,31.211224828199999
3382,121.452440249000006,31.211224828199999
3383,121.450546906000000,31.211238933699999
3384,121.450546906000000,31.211238933699999
3385,121.450546906000000,31.211238933699999
3386,121.455532241000000,31.211243905900002
3387,121.448721070999994,31.211247277100000
3388,121.449652194999999,31.211253884000001
3389,121.445299156000004,31.211257591199999
3390,121.452418730000005,31.211261466400000
3391,121.452418730000005,31.211261466400000
3392,121.452418730000005,31.211261466400000
3393,121.454959845999994,31.211267824400000
3394,121.451106284999995,31.211275193300001
3395,121.449784911999998,31.211276802699999
3396,121.451773255999996,31.211278352000001
3397,121.451773255999996,31.211278352000001
3398,121.451773255999996,31.211278352000001
3399,121.453064216000001,31.211281281000002
3400,121.453064216000001,31.211281281000002
3401,121.453064216000001,31.211281281000002
3402,121.454311582000003,31.211285213499998
3403,121.447985572999997,31.211290890200001
3404,121.447985572999997,31.211290890200001
3405,121.450740533000001,31.211294391199999
3406,121.450740533000001,31.211294391199999
3407,121.450740533000001,31.211294391199999
3408,121.452651203000002,31.211296814699999
3409,121.441874103000004,31.211297713099999
3410,121.454390223000004,31.211303649200001
3411,121.441838708999995,31.211309275300000
3412,121.445725038999996,31.211315709400001
3413,121.452397208999997,31.211316448000002
3414,121.452397208999997,31.211316448000002
3415,121.452397208999997,31.211316448000002
3416,121.444177568000001,31.211322236099999
3417,121.448890341999999,31.211327037899999
3418,121.448890341999999,31.211327037899999
3419,121.448890341999999,31.211327037899999
3420,121.453299481000002,31.211336727300001
3421,121.453299481000002,31.211336727300001
3422,121.453299481000002,31.211336727300001
3423,121.454527325000001,31.211339953800000
3424,121.451192339000002,31.211350425500001
3425,121.451192339000002,31.211350425500001
3426,121.451192339000002,31.211350425500001
3427,121.451730218999998,31.211351629300001
3428,121.451730218999998,31.211351629300001
3429,121.451730218999998,31.211351629300001
3430,121.446957330999993,31.211359705800000
3431,121.455282292999996,31.211364314099999
3432,121.449086702000002,31.211370236499999
3433,121.444697930000004,31.211380474300000
3434,121.451802213999997,31.211383710800000
3435,121.452375687000000,31.211389773099999
3436,121.452375687000000,31.211389773099999
3437,121.452375687000000,31.211389773099999
3438,121.450285230999995,31.211405958400000
3439,121.445219690000002,31.211420574400002
3440,121.453285555999997,31.211420822099999
3441,121.452978137000002,31.211427831900000
3442,121.452978137000002,31.211427831900000
3443,121.452978137000002,31.211427831900000
3444,121.445147503000001,31.211428707100001
3445,121.454893135999995,31.211432365299999
3446,121.454893135999995,31.211432365299999
3447,121.454893135999995,31.211432365299999
3448,121.452495644999999,31.211433877699999
3449,121.451149301000001,31.211442046900000
3450,121.451149301000001,31.211442046900000
3451,121.451149301000001,31.211442046900000
3452,121.453806076000006,31.211454252799999
3453,121.450482343999994,31.211458911800001
3454,121.450482343999994,31.211458911800001
3455,121.450482343999994,31.211458911800001
3456,121.446172183000002,31.211464414100000
3457,121.455032173999996,31.211476074899998
3458,121.454495094999999,31.211483283500002
3459,121.450571062999998,31.211487124800001
3460,121.456507063999993,31.211491124599998
3461,121.456507063999993,31.211491124599998
3462,121.456507063999993,31.211491124599998
3463,121.449578754000001,31.211493618999999
3464,121.449578754000001,31.211493618999999
3465,121.449580945999998,31.211494199099999
3466,121.449588310999999,31.211494232300002
3467,121.443446269000006,31.211506903299998
3468,121.448310195000005,31.211507787300000
3469,121.448310195000005,31.211507787300000
3470,121.456837761000003,31.211511363400000
3471,121.451622624999999,31.211534823400001
3472,121.451622624999999,31.211534823400001
3473,121.451622624999999,31.211534823400001
3474,121.451622624999999,31.211534823400001
3475,121.442544745000006,31.211542128700000
3476,121.457060009000003,31.211548476499999
3477,121.457063504000004,31.211557104000001
3478,121.456829847999998,31.211565272900000
3479,121.456829847999998,31.211565272900000
3480,121.456829847999998,31.211565272900000
3481,121.442294516000004,31.211567599700000
3482,121.449889029999994,31.211575703899999
3483,121.451084742999996,31.211588650700001
3484,121.451084742999996,31.211588650700001
3485,121.451084742999996,31.211588650700001
3486,121.452268089000000,31.211591307300001
3487,121.452268089000000,31.211591307300001
3488,121.452268089000000,31.211591307300001
3489,121.452429094999999,31.211592100499999
3490,121.453508194999998,31.211593609800001
3491,121.444971097000007,31.211594019600000
3492,121.452978122000005,31.211611266399998
3493,121.452978122000005,31.211611266399998
3494,121.452978122000005,31.211611266399998
3495,121.456464014000005,31.211619425700000
3496,121.456464014000005,31.211619425700000
3497,121.456464014000005,31.211619425700000
3498,121.448488674000004,31.211624214000000
3499,121.455525047999998,31.211630915699999
3500,121.455538962000006,31.211635260300000
3501,121.455538962000006,31.211635260300000
3502,121.451063223999995,31.211643633100000
3503,121.451063223999995,31.211643633100000
3504,121.451063223999995,31.211643633100000
3505,121.457049217000005,31.211658231000001
3506,121.457038569999995,31.211658855200000
3507,121.457080691000002,31.211663672800000
3508,121.451923831000002,31.211663903500000
3509,121.451923831000002,31.211663903500000
3510,121.451923831000002,31.211663903500000
3511,121.448565454999994,31.211677838100002
3512,121.447730457999995,31.211683889100001
3513,121.453817271000005,31.211686570000001
3514,121.453817271000005,31.211686570000001
3515,121.445416105999996,31.211687650700000
3516,121.456808316999997,31.211693625199999
3517,121.456808316999997,31.211693625199999
3518,121.456808316999997,31.211693625199999
3519,121.450390576000004,31.211708388300000
3520,121.445861057000002,31.211715431700000
3521,121.452365056000005,31.211720688800000
3522,121.449506431000003,31.211723443899999
3523,121.451536547000003,31.211736407000000
3524,121.451536547000003,31.211736407000000
3525,121.451536547000003,31.211736407000000
3526,121.456420965000007,31.211747726599999
3527,121.456420965000007,31.211747726599999
3528,121.456420965000007,31.211747726599999
3529,121.456422907999993,31.211748120999999
3530,121.448749238000005,31.211752839799999
3531,121.452913667000004,31.211760962200000
3532,121.443407415999999,31.211765417599999
3533,121.449117365999996,31.211767657300001
3534,121.452138978999997,31.211774449400000
3535,121.452138978999997,31.211774449400000
3536,121.452138978999997,31.211774449400000
3537,121.452956591000003,31.211776307899999
3538,121.452956591000003,31.211776307899999
3539,121.452956591000003,31.211776307899999
3540,121.452956591000003,31.211776307899999
3541,121.456019072000004,31.211783025399999
3542,121.448739711000002,31.211785300500001
3543,121.453118330999999,31.211794697900000
3544,121.445013290999995,31.211813376700000
3545,121.445416160999997,31.211817409799998
3546,121.456141002999999,31.211820932199998
3547,121.456141002999999,31.211820932199998
3548,121.443405108999997,31.211831733400000
3549,121.454753647999993,31.211834655400001
3550,121.449481652000003,31.211840434100001
3551,121.450891972999997,31.211841489400001
3552,121.442709401000002,31.211843663700002
3553,121.453466483000000,31.211848071399999
3554,121.445835641000002,31.211852582999999
3555,121.445835641000002,31.211852582999999
3556,121.445835641000002,31.211852582999999
3557,121.453204447000005,31.211866423800000
3558,121.452300989999998,31.211866978000000
3559,121.450971908000000,31.211867895400001
3560,121.446360080000005,31.211868569899998
3561,121.450979035000003,31.211869515099998
3562,121.454442420000007,31.211889923400001
3563,121.452848439999997,31.211891564199998
3564,121.456351157000000,31.211898651799999
3565,121.456466239999997,31.211904913600002
3566,121.453731183000002,31.211906491800001
3567,121.453731183000002,31.211906491800001
3568,121.452935061999995,31.211923005799999
3569,121.452935061999995,31.211923005799999
3570,121.452935061999995,31.211923005799999
3571,121.453193260000006,31.211923596900000
3572,121.453193260000006,31.211923596900000
3573,121.454722531000002,31.211927329000002
3574,121.456514556000002,31.211930493800001
3575,121.448177721999997,31.211937341500001
3576,121.454524957000004,31.211971211900000
3577,121.452257615999997,31.211978262500001
3578,121.446824828999993,31.211983007299999
3579,121.446834960000004,31.211986506900001
3580,121.456437492999996,31.211991886000000
3581,121.445891046000000,31.211992465900000
3582,121.445395348000005,31.211997674399999
3583,121.445974806999999,31.211999810799998
3584,121.455065266999995,31.212001318399999
3585,121.455065266999995,31.212001318399999
3586,121.452051404000002,31.212008851000000
3587,121.454696458000001,31.212017943700001
3588,121.454696458000001,31.212017943700001
3589,121.455610738000004,31.212024152400001
3590,121.452784437999995,31.212032722099998
3591,121.452784437999995,31.212032722099998
3592,121.452784437999995,31.212032722099998
3593,121.453171798000000,31.212033626000000
3594,121.453171798000000,31.212033626000000
3595,121.454171633000001,31.212036105900001
3596,121.453731171000001,31.212041840200001
3597,121.442982389999997,31.212043479300000
3598,121.449166003000002,31.212048176400000
3599,121.451459667999998,31.212050435999998
3600,121.454264539999997,31.212053634299998
3601,121.445413861999995,31.212053971700001
3602,121.455280443999996,31.212056855200000
3603,121.455280443999996,31.212056855200000
3604,121.455280443999996,31.212056855200000
3605,121.448498479999998,31.212068847099999
3606,121.453688237999998,31.212071085200002
3607,121.455748032000002,31.212079655299998
3608,121.455748032000002,31.212079655299998
3609,121.449236864000000,31.212089964000000
3610,121.449236864000000,31.212089964000000
3611,121.449236864000000,31.212089964000000
3612,121.455021153000004,31.212095210099999
3613,121.455021153000004,31.212095210099999
3614,121.457001958000006,31.212097645499998
3615,121.457001958000006,31.212097645499998
3616,121.457001958000006,31.212097645499998
3617,121.455418710000004,31.212097826499999
3618,121.448083681000000,31.212113680500000
3619,121.448158841999998,31.212114239100000
3620,121.448158841999998,31.212114239100000
3621,121.457051336000006,31.212117006600000
3622,121.451643898000000,31.212122516299999
3623,121.451643898000000,31.212122516299999
3624,121.456012070000000,31.212131961800001
3625,121.456012070000000,31.212131961800001
3626,121.443106950000001,31.212137160099999
3627,121.445392174000006,31.212137813599998
3628,121.453139687000004,31.212140492300001
3629,121.453146054000001,31.212143546600000
3630,121.453150394999994,31.212143658700001
3631,121.454655556999995,31.212146922100001
3632,121.454655556999995,31.212146922100001
3633,121.452698362000007,31.212160929300001
3634,121.452698362000007,31.212160929300001
3635,121.452698362000007,31.212160929300001
3636,121.453672048000001,31.212169862300001
3637,121.454184745000006,31.212191849800000
3638,121.447334006000006,31.212198092600001
3639,121.445385496000000,31.212200189200001
3640,121.445385496000000,31.212200189200001
3641,121.454226055000007,31.212201132600001
3642,121.454226055000007,31.212201132600001
3643,121.454226055000007,31.212201132600001
3644,121.454979176999998,31.212202892899999
3645,121.454979176999998,31.212202892899999
3646,121.454979176999998,31.212202892899999
3647,121.443266445000006,31.212214458599998
3648,121.445909575000002,31.212221070599998
3649,121.449255988000004,31.212226653999998
3650,121.449255988000004,31.212226653999998
3651,121.449255988000004,31.212226653999998
3652,121.449143595999999,31.212227374499999
3653,121.455914531000005,31.212240860100000
3654,121.449663455999996,31.212257598699999
3655,121.454979171999994,31.212257922799999
3656,121.454979171999994,31.212257922799999
3657,121.452660342000001,31.212258061000000
3658,121.451967527999997,31.212261716499999
3659,121.454613230999996,31.212269118399998
3660,121.455194352000007,31.212276772300001
3661,121.455194352000007,31.212276772300001
3662,121.455194352000007,31.212276772300001
3663,121.455194352000007,31.212276772300001
3664,121.448868747000006,31.212280847999999
3665,121.448868747000006,31.212280847999999
3666,121.448868747000006,31.212280847999999
3667,121.451514982999996,31.212305002800001
3668,121.451514982999996,31.212305002800001
3669,121.453631204000004,31.212311424300001
3670,121.454602015999996,31.212314914800000
3671,121.446935057999994,31.212323569300001
3672,121.454183009000005,31.212329435699999
3673,121.454183009000005,31.212329435699999
3674,121.447791882999994,31.212330193500001
3675,121.455462048000001,31.212331204500000
3676,121.448190135999994,31.212336571200002
3677,121.448689383000001,31.212354261900000
3678,121.443493332000003,31.212355006500001
3679,121.454586923999997,31.212365855400002
3680,121.454586923999997,31.212365855400002
3681,121.454957604000001,31.212368138399999
3682,121.454957604000001,31.212368138399999
3683,121.454957604000001,31.212368138399999
3684,121.456422458000006,31.212377958899999
3685,121.450168376999997,31.212378580799999
3686,121.451708613999998,31.212378810299999
3687,121.451708613999998,31.212378810299999
3688,121.451708613999998,31.212378810299999
3689,121.453358800000004,31.212383957200000
3690,121.454161271000004,31.212403489500002
3691,121.456936708000001,31.212403945199998
3692,121.454936122000007,31.212422911499999
3693,121.454936122000007,31.212422911499999
3694,121.455151302999994,31.212423417299998
3695,121.455151302999994,31.212423417299998
3696,121.455151302999994,31.212423417299998
3697,121.455151302999994,31.212423417299998
3698,121.447771595999995,31.212425254100001
3699,121.451880734000000,31.212434227199999
3700,121.451880734000000,31.212434227199999
3701,121.451880734000000,31.212434227199999
3702,121.451880734000000,31.212434227199999
3703,121.453915805999998,31.212436091600001
3704,121.451894773000006,31.212440243900001
3705,121.454579601000006,31.212443857200000
3706,121.449343971999994,31.212446726600000
3707,121.449343971999994,31.212446726600000
3708,121.453623550000003,31.212456543199998
3709,121.453623550000003,31.212456543199998
3710,121.453623550000003,31.212456543199998
3711,121.452431378000000,31.212472637800001
3712,121.447543073999995,31.212473932399998
3713,121.455375941000000,31.212480273499999
3714,121.451342846000003,31.212488050600001
3715,121.451342846000003,31.212488050600001
3716,121.451342846000003,31.212488050600001
3717,121.454558907999996,31.212498275400002
3718,121.454558907999996,31.212498275400002
3719,121.449367088000002,31.212500468900000
3720,121.456922650999999,31.212504390100001
3721,121.448047801000001,31.212508273499999
3722,121.453602028999995,31.212511523400000
3723,121.453602028999995,31.212511523400000
3724,121.453602028999995,31.212511523400000
3725,121.454893057999996,31.212532916299999
3726,121.454893057999996,31.212532916299999
3727,121.454893057999996,31.212532916299999
3728,121.447169256999999,31.212534046500000
3729,121.447169256999999,31.212534046500000
3730,121.447169256999999,31.212534046500000
3731,121.452595317999993,31.212541738500001
3732,121.449787563000001,31.212542035799999
3733,121.448981979999999,31.212543264699999
3734,121.451601022999995,31.212543658300000
3735,121.451601022999995,31.212543658300000
3736,121.451601022999995,31.212543658300000
3737,121.454408787999995,31.212587136500002
3738,121.454871553999993,31.212587849300000
3739,121.454871553999993,31.212587849300000
3740,121.453068477000002,31.212589154700002
3741,121.449407178000001,31.212593663100002
3742,121.449407178000001,31.212593663100002
3743,121.451816172999997,31.212599171400001
3744,121.451816172999997,31.212599171400001
3745,121.451816172999997,31.212599171400001
3746,121.452740226000003,31.212602200900001
3747,121.452736118999994,31.212605599100002
3748,121.454550339999997,31.212605870699999
3749,121.454550339999997,31.212605870699999
3750,121.455065215000005,31.212606647499999
3751,121.455065215000005,31.212606647499999
3752,121.455065215000005,31.212606647499999
3753,121.455065215000005,31.212606647499999
3754,121.453537467999993,31.212621434100001
3755,121.453537467999993,31.212621434100001
3756,121.453537467999993,31.212621434100001
3757,121.454051901000000,31.212626586500001
3758,121.452364696999993,31.212636913299999
3759,121.453515948000003,31.212658071000000
3760,121.453515948000003,31.212658071000000
3761,121.455310643999994,31.212660263000000
3762,121.451695137000002,31.212672480100000
3763,121.451773134000007,31.212690790800000
3764,121.451773134000007,31.212690790800000
3765,121.451773134000007,31.212690790800000
3766,121.453643807000006,31.212695953800001
3767,121.454828507000002,31.212697812100000
3768,121.454828507000002,31.212697812100000
3769,121.454828507000002,31.212697812100000
3770,121.454554092999999,31.212714660900001
3771,121.450211996999997,31.212728473199999
3772,121.453042573999994,31.212730357000002
3773,121.453040720000004,31.212742115299999
3774,121.454555303000006,31.212753270899999
3775,121.455022166000006,31.212753292199999
3776,121.455022166000006,31.212753292199999
3777,121.455022166000006,31.212753292199999
3778,121.455020683000001,31.212756237000001
3779,121.455020683000001,31.212756237000001
3780,121.455020683000001,31.212756237000001
3781,121.448973158000001,31.212802636900001
3782,121.453342754999994,31.212811021899999
3783,121.455247034999999,31.212811329699999
3784,121.454775005000002,31.212826011600001
3785,121.454775005000002,31.212826011600001
3786,121.454775005000002,31.212826011600001
3787,121.453453190000005,31.212837505400000
3788,121.453451857999994,31.212840340100001
3789,121.453451857999994,31.212840340100001
3790,121.453451857999994,31.212840340100001
3791,121.454139929999997,31.212842946799999
3792,121.454139929999997,31.212842946799999
3793,121.454139929999997,31.212842946799999
3794,121.448078031999998,31.212846569200000
3795,121.456859283000000,31.212849997799999
3796,121.447635958999996,31.212858564699999
3797,121.452436888999998,31.212861071300001
3798,121.456319140000005,31.212870594000002
3799,121.448616294999994,31.212881005500002
3800,121.454957562000004,31.212881636300001
3801,121.454957562000004,31.212881636300001
3802,121.454957562000004,31.212881636300001
3803,121.454957562000004,31.212881636300001
3804,121.449874332999997,31.212891772199999
3805,121.454382633999998,31.212900969300001
3806,121.449553105999996,31.212922191699999
3807,121.456119595000004,31.212939321699999
3808,121.456119595000004,31.212939321699999
3809,121.456119595000004,31.212939321699999
3810,121.453874640999999,31.212953948799999
3811,121.455203186000006,31.212954121100001
3812,121.454721173999999,31.212954361500000
3813,121.454721173999999,31.212954361500000
3814,121.454721173999999,31.212954361500000
3815,121.454914555000002,31.212991499899999
3816,121.454914555000002,31.212991499899999
3817,121.454914555000002,31.212991499899999
3818,121.454914555000002,31.212991499899999
3819,121.454603515000002,31.212993000400001
3820,121.454075363000001,31.213007885700002
3821,121.454075363000001,31.213007885700002
3822,121.454075363000001,31.213007885700002
3823,121.449090097999999,31.213009974999999
3824,121.454146999000002,31.213026092800000
3825,121.456811342999998,31.213026996699998
3826,121.454231508999996,31.213040863400000
3827,121.448532029999996,31.213052779000002
3828,121.451493403000001,31.213057027300000
3829,121.451493403000001,31.213057027300000
3830,121.451493403000001,31.213057027300000
3831,121.455118728000002,31.213063965300002
3832,121.453740233000005,31.213076579500001
3833,121.455818316999995,31.213103693600001
3834,121.455818316999995,31.213103693600001
3835,121.455818316999995,31.213103693600001
3836,121.449280049999999,31.213103994499999
3837,121.451698887999996,31.213106143800001
3838,121.456539054000004,31.213124347699999
3839,121.454032315999996,31.213154531200001
3840,121.454032315999996,31.213154531200001
3841,121.454648509999998,31.213155178200001
3842,121.454656326000006,31.213155984699998
3843,121.454656877000005,31.213156125299999
3844,121.454656877000005,31.213156125299999
3845,121.456055019000004,31.213159285900002
3846,121.456055019000004,31.213159285900002
3847,121.456055019000004,31.213159285900002
3848,121.449019261999993,31.213161647400000
3849,121.449019261999993,31.213161647400000
3850,121.449019261999993,31.213161647400000
3851,121.453461931000007,31.213162659000002
3852,121.452970234000006,31.213189053800001
3853,121.456270205999999,31.213196485299999
3854,121.456270205999999,31.213196485299999
3855,121.456270205999999,31.213196485299999
3856,121.449235087999995,31.213203614899999
3857,121.449235087999995,31.213203614899999
3858,121.449235087999995,31.213203614899999
3859,121.451398354000005,31.213218861500000
3860,121.449464886000001,31.213231005600001
3861,121.454689359000000,31.213248174200000
3862,121.449212897999999,31.213272056200001
3863,121.449212897999999,31.213272056200001
3864,121.449212897999999,31.213272056200001
3865,121.449212872999993,31.213272127100002
3866,121.449212872999993,31.213272127100002
3867,121.449212872999993,31.213272127100002
3868,121.449212872999993,31.213272127100002
3869,121.450498534000005,31.213272283599999
3870,121.454138463000007,31.213272984500001
3871,121.452237564000001,31.213278295599999
3872,121.452955836000001,31.213280346299999
3873,121.452955836000001,31.213280346299999
3874,121.453967753000001,31.213282783499999
3875,121.453967753000001,31.213282783499999
3876,121.453967753000001,31.213282783499999
3877,121.453535708000004,31.213327833400001
3878,121.449327999000005,31.213330638100000
3879,121.453437354000002,31.213336671800000
3880,121.449736767999994,31.213344692200000
3881,121.449374774000006,31.213364887499999
3882,121.449514049000001,31.213382836400001
3883,121.449514049000001,31.213382836400001
3884,121.449514049000001,31.213382836400001
3885,121.455753735000002,31.213397030599999
3886,121.455753735000002,31.213397030599999
3887,121.455753735000002,31.213397030599999
3888,121.450995766999995,31.213415881700001
3889,121.451020040000003,31.213422833900001
3890,121.451020040000003,31.213422833900001
3891,121.451020040000003,31.213422833900001
3892,121.453903189000002,31.213429378899999
3893,121.453903189000002,31.213429378899999
3894,121.453903189000002,31.213429378899999
3895,121.454023088000000,31.213442697500000
3896,121.456184105999995,31.213471426800002
3897,121.456184105999995,31.213471426800002
3898,121.456184105999995,31.213471426800002
3899,121.456184105999995,31.213471426800002
3900,121.449803775999996,31.213478137199999
3901,121.451562495000005,31.213533998500001
3902,121.456667526000004,31.213557259100000
3903,121.450952271000006,31.213610418399998
3904,121.453838621000003,31.213612660300001
3905,121.453838621000003,31.213612660300001
3906,121.453838621000003,31.213612660300001
3907,121.452899747000004,31.213635992200000
3908,121.454805781000005,31.213685407600000
3909,121.452038238000000,31.213695519500000
3910,121.453465456000004,31.213700147099999
3911,121.455682910999997,31.213706159400001
3912,121.454805167000004,31.213761614900001
3913,121.454805167000004,31.213761614900001
3914,121.454207147999995,31.213766518100002
3915,121.452696821999993,31.213865545899999
3916,121.456073180999994,31.213912262000001
3917,121.451371808000005,31.213952923000001
3918,121.452326748999994,31.213955986399998
3919,121.454268936000005,31.213980519700002
3920,121.454268936000005,31.213980519700002
3921,121.454268936000005,31.213980519700002
3922,121.454283325999995,31.213982718000000
3923,121.455028365000004,31.214012110700001
3924,121.454793580000000,31.214075133600002
3925,121.453593527999999,31.214076907700001
3926,121.452726343999998,31.214082751700001
3927,121.452832580999996,31.214083288099999
3928,121.452825652000001,31.214123560000001
3929,121.452825652000001,31.214123560000001
3930,121.454759909000003,31.214134131400002
3931,121.455581522000003,31.214148687500000
3932,121.455581522000003,31.214148687500000
3933,121.455581522000003,31.214148687500000
3934,121.453345932000005,31.214174942900001
3935,121.453921270999999,31.214176328699999
3936,121.455990369000006,31.214241372600000
3937,121.455990369000006,31.214241372600000
3938,121.455990369000006,31.214241372600000
3939,121.456475447000003,31.214257466300001
3940,121.456477265000004,31.214258758400000
3941,121.454718506000006,31.214312130100001
3942,121.454718506000006,31.214312130100001
3943,121.452437427999996,31.214323991800001
3944,121.455521059999995,31.214378368399998
3945,121.454696021000004,31.214402486299999
3946,121.454696021000004,31.214402486299999
3947,121.453446456999998,31.214508516100000
3948,121.454527099000003,31.214549753200000
3949,121.454527099000003,31.214549753200000
3950,121.453765677000007,31.214552077899999
3951,121.453765677000007,31.214552077899999
3952,121.454638517000006,31.214570043500000
3953,121.454637152000004,31.214572146599998
3954,121.455904163000000,31.214589664999998
3955,121.455904163000000,31.214589664999998
3956,121.455904163000000,31.214589664999998
3957,121.453989155000002,31.214621873100000
3958,121.453989155000002,31.214621873100000
3959,121.453989155000002,31.214621873100000
3960,121.454441012000004,31.214732981200001
3961,121.454441012000004,31.214732981200001
3962,121.454441012000004,31.214732981200001
3963,121.454436537000007,31.214755849800000
3964,121.455826897999998,31.214887665199999