ID,WGS_X,WGS_Y,Error
26,121.43558139,31.1995995075,"未找到对应的SVID/PID (Traceback (most recent call last):
  File ""/media/qiu/Date/baidu/baiduStreetViewSpider2.py"", line 467, in process_item
    raise Exception(""未找到对应的SVID/PID"")
Exception: 未找到对应的SVID/PID
)"
38,121.435458345,31.1997830167,"未找到对应的SVID/PID (Traceback (most recent call last):
  File ""/media/qiu/Date/baidu/baiduStreetViewSpider2.py"", line 467, in process_item
    raise Exception(""未找到对应的SVID/PID"")
Exception: 未找到对应的SVID/PID
)"
41,121.435095755,31.1998343122,"未找到对应的SVID/PID (Traceback (most recent call last):
  File ""/media/qiu/Date/baidu/baiduStreetViewSpider2.py"", line 467, in process_item
    raise Exception(""未找到对应的SVID/PID"")
Exception: 未找到对应的SVID/PID
)"
56,121.435640792,31.1999587296,"未找到对应的SVID/PID (Traceback (most recent call last):
  File ""/media/qiu/Date/baidu/baiduStreetViewSpider2.py"", line 467, in process_item
    raise Exception(""未找到对应的SVID/PID"")
Exception: 未找到对应的SVID/PID
)"
60,121.434955101,31.2000187048,"未找到对应的SVID/PID (Traceback (most recent call last):
  File ""/media/qiu/Date/baidu/baiduStreetViewSpider2.py"", line 467, in process_item
    raise Exception(""未找到对应的SVID/PID"")
Exception: 未找到对应的SVID/PID
)"
61,121.434955101,31.2000187048,"未找到对应的SVID/PID (Traceback (most recent call last):
  File ""/media/qiu/Date/baidu/baiduStreetViewSpider2.py"", line 467, in process_item
    raise Exception(""未找到对应的SVID/PID"")
Exception: 未找到对应的SVID/PID
)"
63,121.434955101,31.2000187048,"未找到对应的SVID/PID (Traceback (most recent call last):
  File ""/media/qiu/Date/baidu/baiduStreetViewSpider2.py"", line 467, in process_item
    raise Exception(""未找到对应的SVID/PID"")
Exception: 未找到对应的SVID/PID
)"
62,121.434955101,31.2000187048,"未找到对应的SVID/PID (Traceback (most recent call last):
  File ""/media/qiu/Date/baidu/baiduStreetViewSpider2.py"", line 467, in process_item
    raise Exception(""未找到对应的SVID/PID"")
Exception: 未找到对应的SVID/PID
)"
69,121.435449592,31.2000928988,"未找到对应的SVID/PID (Traceback (most recent call last):
  File ""/media/qiu/Date/baidu/baiduStreetViewSpider2.py"", line 467, in process_item
    raise Exception(""未找到对应的SVID/PID"")
Exception: 未找到对应的SVID/PID
)"
70,121.435449592,31.2000928988,"未找到对应的SVID/PID (Traceback (most recent call last):
  File ""/media/qiu/Date/baidu/baiduStreetViewSpider2.py"", line 467, in process_item
    raise Exception(""未找到对应的SVID/PID"")
Exception: 未找到对应的SVID/PID
)"
71,121.435449592,31.2000928988,"未找到对应的SVID/PID (Traceback (most recent call last):
  File ""/media/qiu/Date/baidu/baiduStreetViewSpider2.py"", line 467, in process_item
    raise Exception(""未找到对应的SVID/PID"")
Exception: 未找到对应的SVID/PID
)"
72,121.435238367,31.2000938612,"未找到对应的SVID/PID (Traceback (most recent call last):
  File ""/media/qiu/Date/baidu/baiduStreetViewSpider2.py"", line 467, in process_item
    raise Exception(""未找到对应的SVID/PID"")
Exception: 未找到对应的SVID/PID
)"
81,121.43532058,31.2002211043,"未找到对应的SVID/PID (Traceback (most recent call last):
  File ""/media/qiu/Date/baidu/baiduStreetViewSpider2.py"", line 467, in process_item
    raise Exception(""未找到对应的SVID/PID"")
Exception: 未找到对应的SVID/PID
)"
82,121.43532058,31.2002211043,"未找到对应的SVID/PID (Traceback (most recent call last):
  File ""/media/qiu/Date/baidu/baiduStreetViewSpider2.py"", line 467, in process_item
    raise Exception(""未找到对应的SVID/PID"")
Exception: 未找到对应的SVID/PID
)"
83,121.43532058,31.2002211043,"未找到对应的SVID/PID (Traceback (most recent call last):
  File ""/media/qiu/Date/baidu/baiduStreetViewSpider2.py"", line 467, in process_item
    raise Exception(""未找到对应的SVID/PID"")
Exception: 未找到对应的SVID/PID
)"
115,121.43510557,31.2003491693,"未找到对应的SVID/PID (Traceback (most recent call last):
  File ""/media/qiu/Date/baidu/baiduStreetViewSpider2.py"", line 467, in process_item
    raise Exception(""未找到对应的SVID/PID"")
Exception: 未找到对应的SVID/PID
)"
116,121.43510557,31.2003491693,"未找到对应的SVID/PID (Traceback (most recent call last):
  File ""/media/qiu/Date/baidu/baiduStreetViewSpider2.py"", line 467, in process_item
    raise Exception(""未找到对应的SVID/PID"")
Exception: 未找到对应的SVID/PID
)"
117,121.43510557,31.2003491693,"未找到对应的SVID/PID (Traceback (most recent call last):
  File ""/media/qiu/Date/baidu/baiduStreetViewSpider2.py"", line 467, in process_item
    raise Exception(""未找到对应的SVID/PID"")
Exception: 未找到对应的SVID/PID
)"
192,121.440060489,31.2008164078,"未找到对应的SVID/PID (Traceback (most recent call last):
  File ""/media/qiu/Date/baidu/baiduStreetViewSpider2.py"", line 467, in process_item
    raise Exception(""未找到对应的SVID/PID"")
Exception: 未找到对应的SVID/PID
)"
254,121.440072538,31.2011466456,"未找到对应的SVID/PID (Traceback (most recent call last):
  File ""/media/qiu/Date/baidu/baiduStreetViewSpider2.py"", line 467, in process_item
    raise Exception(""未找到对应的SVID/PID"")
Exception: 未找到对应的SVID/PID
)"
255,121.440072538,31.2011466456,"未找到对应的SVID/PID (Traceback (most recent call last):
  File ""/media/qiu/Date/baidu/baiduStreetViewSpider2.py"", line 467, in process_item
    raise Exception(""未找到对应的SVID/PID"")
Exception: 未找到对应的SVID/PID
)"
256,121.440072538,31.2011466456,"未找到对应的SVID/PID (Traceback (most recent call last):
  File ""/media/qiu/Date/baidu/baiduStreetViewSpider2.py"", line 467, in process_item
    raise Exception(""未找到对应的SVID/PID"")
Exception: 未找到对应的SVID/PID
)"
287,121.441763268,31.2013022363,"未找到对应的SVID/PID (Traceback (most recent call last):
  File ""/media/qiu/Date/baidu/baiduStreetViewSpider2.py"", line 467, in process_item
    raise Exception(""未找到对应的SVID/PID"")
Exception: 未找到对应的SVID/PID
)"
309,121.434454966,31.2014807097,"未找到对应的SVID/PID (Traceback (most recent call last):
  File ""/media/qiu/Date/baidu/baiduStreetViewSpider2.py"", line 467, in process_item
    raise Exception(""未找到对应的SVID/PID"")
Exception: 未找到对应的SVID/PID
)"
319,121.434018441,31.2015197609,"未找到对应的SVID/PID (Traceback (most recent call last):
  File ""/media/qiu/Date/baidu/baiduStreetViewSpider2.py"", line 467, in process_item
    raise Exception(""未找到对应的SVID/PID"")
Exception: 未找到对应的SVID/PID
)"
326,121.4340735,31.2015582917,"未找到对应的SVID/PID (Traceback (most recent call last):
  File ""/media/qiu/Date/baidu/baiduStreetViewSpider2.py"", line 467, in process_item
    raise Exception(""未找到对应的SVID/PID"")
Exception: 未找到对应的SVID/PID
)"
327,121.4340735,31.2015582917,"未找到对应的SVID/PID (Traceback (most recent call last):
  File ""/media/qiu/Date/baidu/baiduStreetViewSpider2.py"", line 467, in process_item
    raise Exception(""未找到对应的SVID/PID"")
Exception: 未找到对应的SVID/PID
)"
328,121.4340735,31.2015582917,"未找到对应的SVID/PID (Traceback (most recent call last):
  File ""/media/qiu/Date/baidu/baiduStreetViewSpider2.py"", line 467, in process_item
    raise Exception(""未找到对应的SVID/PID"")
Exception: 未找到对应的SVID/PID
)"
340,121.443525858,31.2016244072,"未找到对应的SVID/PID (Traceback (most recent call last):
  File ""/media/qiu/Date/baidu/baiduStreetViewSpider2.py"", line 467, in process_item
    raise Exception(""未找到对应的SVID/PID"")
Exception: 未找到对应的SVID/PID
)"
353,121.434277579,31.2016851057,"未找到对应的SVID/PID (Traceback (most recent call last):
  File ""/media/qiu/Date/baidu/baiduStreetViewSpider2.py"", line 467, in process_item
    raise Exception(""未找到对应的SVID/PID"")
Exception: 未找到对应的SVID/PID
)"
354,121.433902464,31.2016937802,"未找到对应的SVID/PID (Traceback (most recent call last):
  File ""/media/qiu/Date/baidu/baiduStreetViewSpider2.py"", line 467, in process_item
    raise Exception(""未找到对应的SVID/PID"")
Exception: 未找到对应的SVID/PID
)"
355,121.443630581,31.2017191357,"未找到对应的SVID/PID (Traceback (most recent call last):
  File ""/media/qiu/Date/baidu/baiduStreetViewSpider2.py"", line 467, in process_item
    raise Exception(""未找到对应的SVID/PID"")
Exception: 未找到对应的SVID/PID
)"
360,121.433944494,31.2017231929,"未找到对应的SVID/PID (Traceback (most recent call last):
  File ""/media/qiu/Date/baidu/baiduStreetViewSpider2.py"", line 467, in process_item
    raise Exception(""未找到对应的SVID/PID"")
Exception: 未找到对应的SVID/PID
)"
361,121.433944494,31.2017231929,"未找到对应的SVID/PID (Traceback (most recent call last):
  File ""/media/qiu/Date/baidu/baiduStreetViewSpider2.py"", line 467, in process_item
    raise Exception(""未找到对应的SVID/PID"")
Exception: 未找到对应的SVID/PID
)"
362,121.433944494,31.2017231929,"未找到对应的SVID/PID (Traceback (most recent call last):
  File ""/media/qiu/Date/baidu/baiduStreetViewSpider2.py"", line 467, in process_item
    raise Exception(""未找到对应的SVID/PID"")
Exception: 未找到对应的SVID/PID
)"
373,121.43446046,31.2017974001,"未找到对应的SVID/PID (Traceback (most recent call last):
  File ""/media/qiu/Date/baidu/baiduStreetViewSpider2.py"", line 467, in process_item
    raise Exception(""未找到对应的SVID/PID"")
Exception: 未找到对应的SVID/PID
)"
374,121.43446046,31.2017974001,"未找到对应的SVID/PID (Traceback (most recent call last):
  File ""/media/qiu/Date/baidu/baiduStreetViewSpider2.py"", line 467, in process_item
    raise Exception(""未找到对应的SVID/PID"")
Exception: 未找到对应的SVID/PID
)"
375,121.43446046,31.2017974001,"未找到对应的SVID/PID (Traceback (most recent call last):
  File ""/media/qiu/Date/baidu/baiduStreetViewSpider2.py"", line 467, in process_item
    raise Exception(""未找到对应的SVID/PID"")
Exception: 未找到对应的SVID/PID
)"
385,121.434064455,31.2018521723,"未找到对应的SVID/PID (Traceback (most recent call last):
  File ""/media/qiu/Date/baidu/baiduStreetViewSpider2.py"", line 467, in process_item
    raise Exception(""未找到对应的SVID/PID"")
Exception: 未找到对应的SVID/PID
)"
394,121.43477231,31.2019082482,"未找到对应的SVID/PID (Traceback (most recent call last):
  File ""/media/qiu/Date/baidu/baiduStreetViewSpider2.py"", line 467, in process_item
    raise Exception(""未找到对应的SVID/PID"")
Exception: 未找到对应的SVID/PID
)"
395,121.444070174,31.2019161729,"未找到对应的SVID/PID (Traceback (most recent call last):
  File ""/media/qiu/Date/baidu/baiduStreetViewSpider2.py"", line 467, in process_item
    raise Exception(""未找到对应的SVID/PID"")
Exception: 未找到对应的SVID/PID
)"
406,121.443341441,31.2019416854,"未找到对应的SVID/PID (Traceback (most recent call last):
  File ""/media/qiu/Date/baidu/baiduStreetViewSpider2.py"", line 467, in process_item
    raise Exception(""未找到对应的SVID/PID"")
Exception: 未找到对应的SVID/PID
)"
407,121.443341441,31.2019416854,"未找到对应的SVID/PID (Traceback (most recent call last):
  File ""/media/qiu/Date/baidu/baiduStreetViewSpider2.py"", line 467, in process_item
    raise Exception(""未找到对应的SVID/PID"")
Exception: 未找到对应的SVID/PID
)"
408,121.443341441,31.2019416854,"未找到对应的SVID/PID (Traceback (most recent call last):
  File ""/media/qiu/Date/baidu/baiduStreetViewSpider2.py"", line 467, in process_item
    raise Exception(""未找到对应的SVID/PID"")
Exception: 未找到对应的SVID/PID
)"
409,121.443341441,31.2019416854,"未找到对应的SVID/PID (Traceback (most recent call last):
  File ""/media/qiu/Date/baidu/baiduStreetViewSpider2.py"", line 467, in process_item
    raise Exception(""未找到对应的SVID/PID"")
Exception: 未找到对应的SVID/PID
)"
410,121.443438097,31.2019422733,"未找到对应的SVID/PID (Traceback (most recent call last):
  File ""/media/qiu/Date/baidu/baiduStreetViewSpider2.py"", line 467, in process_item
    raise Exception(""未找到对应的SVID/PID"")
Exception: 未找到对应的SVID/PID
)"
411,121.444051215,31.201943083,"未找到对应的SVID/PID (Traceback (most recent call last):
  File ""/media/qiu/Date/baidu/baiduStreetViewSpider2.py"", line 467, in process_item
    raise Exception(""未找到对应的SVID/PID"")
Exception: 未找到对应的SVID/PID
)"
412,121.444051215,31.201943083,"未找到对应的SVID/PID (Traceback (most recent call last):
  File ""/media/qiu/Date/baidu/baiduStreetViewSpider2.py"", line 467, in process_item
    raise Exception(""未找到对应的SVID/PID"")
Exception: 未找到对应的SVID/PID
)"
413,121.444051215,31.201943083,"未找到对应的SVID/PID (Traceback (most recent call last):
  File ""/media/qiu/Date/baidu/baiduStreetViewSpider2.py"", line 467, in process_item
    raise Exception(""未找到对应的SVID/PID"")
Exception: 未找到对应的SVID/PID
)"
418,121.44357939,31.2019570124,"未找到对应的SVID/PID (Traceback (most recent call last):
  File ""/media/qiu/Date/baidu/baiduStreetViewSpider2.py"", line 467, in process_item
    raise Exception(""未找到对应的SVID/PID"")
Exception: 未找到对应的SVID/PID
)"
421,121.444590535,31.2019745076,"未找到对应的SVID/PID (Traceback (most recent call last):
  File ""/media/qiu/Date/baidu/baiduStreetViewSpider2.py"", line 467, in process_item
    raise Exception(""未找到对应的SVID/PID"")
Exception: 未找到对应的SVID/PID
)"
423,121.434309951,31.2019806095,"未找到对应的SVID/PID (Traceback (most recent call last):
  File ""/media/qiu/Date/baidu/baiduStreetViewSpider2.py"", line 467, in process_item
    raise Exception(""未找到对应的SVID/PID"")
Exception: 未找到对应的SVID/PID
)"
424,121.434309951,31.2019806095,"未找到对应的SVID/PID (Traceback (most recent call last):
  File ""/media/qiu/Date/baidu/baiduStreetViewSpider2.py"", line 467, in process_item
    raise Exception(""未找到对应的SVID/PID"")
Exception: 未找到对应的SVID/PID
)"
425,121.434309951,31.2019806095,"未找到对应的SVID/PID (Traceback (most recent call last):
  File ""/media/qiu/Date/baidu/baiduStreetViewSpider2.py"", line 467, in process_item
    raise Exception(""未找到对应的SVID/PID"")
Exception: 未找到对应的SVID/PID
)"
468,121.443431393,31.2021427516,"未找到对应的SVID/PID (Traceback (most recent call last):
  File ""/media/qiu/Date/baidu/baiduStreetViewSpider2.py"", line 467, in process_item
    raise Exception(""未找到对应的SVID/PID"")
Exception: 未找到对应的SVID/PID
)"
469,121.443319916,31.2021434398,"未找到对应的SVID/PID (Traceback (most recent call last):
  File ""/media/qiu/Date/baidu/baiduStreetViewSpider2.py"", line 467, in process_item
    raise Exception(""未找到对应的SVID/PID"")
Exception: 未找到对应的SVID/PID
)"
471,121.443319916,31.2021434398,"未找到对应的SVID/PID (Traceback (most recent call last):
  File ""/media/qiu/Date/baidu/baiduStreetViewSpider2.py"", line 467, in process_item
    raise Exception(""未找到对应的SVID/PID"")
Exception: 未找到对应的SVID/PID
)"
472,121.443319916,31.2021434398,"未找到对应的SVID/PID (Traceback (most recent call last):
  File ""/media/qiu/Date/baidu/baiduStreetViewSpider2.py"", line 467, in process_item
    raise Exception(""未找到对应的SVID/PID"")
Exception: 未找到对应的SVID/PID
)"
470,121.443319916,31.2021434398,"未找到对应的SVID/PID (Traceback (most recent call last):
  File ""/media/qiu/Date/baidu/baiduStreetViewSpider2.py"", line 467, in process_item
    raise Exception(""未找到对应的SVID/PID"")
Exception: 未找到对应的SVID/PID
)"
485,121.4438814,31.2021843916,"未找到对应的SVID/PID (Traceback (most recent call last):
  File ""/media/qiu/Date/baidu/baiduStreetViewSpider2.py"", line 467, in process_item
    raise Exception(""未找到对应的SVID/PID"")
Exception: 未找到对应的SVID/PID
)"
490,121.444008175,31.2021998296,"未找到对应的SVID/PID (Traceback (most recent call last):
  File ""/media/qiu/Date/baidu/baiduStreetViewSpider2.py"", line 467, in process_item
    raise Exception(""未找到对应的SVID/PID"")
Exception: 未找到对应的SVID/PID
)"
491,121.444008175,31.2021998296,"未找到对应的SVID/PID (Traceback (most recent call last):
  File ""/media/qiu/Date/baidu/baiduStreetViewSpider2.py"", line 467, in process_item
    raise Exception(""未找到对应的SVID/PID"")
Exception: 未找到对应的SVID/PID
)"
492,121.444008175,31.2021998296,"未找到对应的SVID/PID (Traceback (most recent call last):
  File ""/media/qiu/Date/baidu/baiduStreetViewSpider2.py"", line 467, in process_item
    raise Exception(""未找到对应的SVID/PID"")
Exception: 未找到对应的SVID/PID
)"
493,121.444007848,31.2022012239,"未找到对应的SVID/PID (Traceback (most recent call last):
  File ""/media/qiu/Date/baidu/baiduStreetViewSpider2.py"", line 467, in process_item
    raise Exception(""未找到对应的SVID/PID"")
Exception: 未找到对应的SVID/PID
)"
494,121.444007848,31.2022012239,"未找到对应的SVID/PID (Traceback (most recent call last):
  File ""/media/qiu/Date/baidu/baiduStreetViewSpider2.py"", line 467, in process_item
    raise Exception(""未找到对应的SVID/PID"")
Exception: 未找到对应的SVID/PID
)"
495,121.444007848,31.2022012239,"未找到对应的SVID/PID (Traceback (most recent call last):
  File ""/media/qiu/Date/baidu/baiduStreetViewSpider2.py"", line 467, in process_item
    raise Exception(""未找到对应的SVID/PID"")
Exception: 未找到对应的SVID/PID
)"
501,121.444338023,31.2022226051,"未找到对应的SVID/PID (Traceback (most recent call last):
  File ""/media/qiu/Date/baidu/baiduStreetViewSpider2.py"", line 467, in process_item
    raise Exception(""未找到对应的SVID/PID"")
Exception: 未找到对应的SVID/PID
)"
511,121.443276887,31.2022901165,"未找到对应的SVID/PID (Traceback (most recent call last):
  File ""/media/qiu/Date/baidu/baiduStreetViewSpider2.py"", line 467, in process_item
    raise Exception(""未找到对应的SVID/PID"")
Exception: 未找到对应的SVID/PID
)"
510,121.443276887,31.2022901165,"未找到对应的SVID/PID (Traceback (most recent call last):
  File ""/media/qiu/Date/baidu/baiduStreetViewSpider2.py"", line 467, in process_item
    raise Exception(""未找到对应的SVID/PID"")
Exception: 未找到对应的SVID/PID
)"
512,121.443276887,31.2022901165,"未找到对应的SVID/PID (Traceback (most recent call last):
  File ""/media/qiu/Date/baidu/baiduStreetViewSpider2.py"", line 467, in process_item
    raise Exception(""未找到对应的SVID/PID"")
Exception: 未找到对应的SVID/PID
)"
518,121.443412252,31.2023019275,"未找到对应的SVID/PID (Traceback (most recent call last):
  File ""/media/qiu/Date/baidu/baiduStreetViewSpider2.py"", line 467, in process_item
    raise Exception(""未找到对应的SVID/PID"")
Exception: 未找到对应的SVID/PID
)"
525,121.444740453,31.202364203,"未找到对应的SVID/PID (Traceback (most recent call last):
  File ""/media/qiu/Date/baidu/baiduStreetViewSpider2.py"", line 467, in process_item
    raise Exception(""未找到对应的SVID/PID"")
Exception: 未找到对应的SVID/PID
)"
528,121.437295991,31.2023696927,"未找到对应的SVID/PID (Traceback (most recent call last):
  File ""/media/qiu/Date/baidu/baiduStreetViewSpider2.py"", line 467, in process_item
    raise Exception(""未找到对应的SVID/PID"")
Exception: 未找到对应的SVID/PID
)"
535,121.444436175,31.2024054508,"未找到对应的SVID/PID (Traceback (most recent call last):
  File ""/media/qiu/Date/baidu/baiduStreetViewSpider2.py"", line 467, in process_item
    raise Exception(""未找到对应的SVID/PID"")
Exception: 未找到对应的SVID/PID
)"
537,121.44323386,31.202418448,"未找到对应的SVID/PID (Traceback (most recent call last):
  File ""/media/qiu/Date/baidu/baiduStreetViewSpider2.py"", line 467, in process_item
    raise Exception(""未找到对应的SVID/PID"")
Exception: 未找到对应的SVID/PID
)"
538,121.44323386,31.202418448,"未找到对应的SVID/PID (Traceback (most recent call last):
  File ""/media/qiu/Date/baidu/baiduStreetViewSpider2.py"", line 467, in process_item
    raise Exception(""未找到对应的SVID/PID"")
Exception: 未找到对应的SVID/PID
)"
539,121.44323386,31.202418448,"未找到对应的SVID/PID (Traceback (most recent call last):
  File ""/media/qiu/Date/baidu/baiduStreetViewSpider2.py"", line 467, in process_item
    raise Exception(""未找到对应的SVID/PID"")
Exception: 未找到对应的SVID/PID
)"
540,121.443881892,31.2024198176,"未找到对应的SVID/PID (Traceback (most recent call last):
  File ""/media/qiu/Date/baidu/baiduStreetViewSpider2.py"", line 467, in process_item
    raise Exception(""未找到对应的SVID/PID"")
Exception: 未找到对应的SVID/PID
)"
543,121.436904795,31.20243046,"未找到对应的SVID/PID (Traceback (most recent call last):
  File ""/media/qiu/Date/baidu/baiduStreetViewSpider2.py"", line 467, in process_item
    raise Exception(""未找到对应的SVID/PID"")
Exception: 未找到对应的SVID/PID
)"
553,121.443481072,31.2024552587,"未找到对应的SVID/PID (Traceback (most recent call last):
  File ""/media/qiu/Date/baidu/baiduStreetViewSpider2.py"", line 467, in process_item
    raise Exception(""未找到对应的SVID/PID"")
Exception: 未找到对应的SVID/PID
)"
554,121.444254418,31.2024609355,"未找到对应的SVID/PID (Traceback (most recent call last):
  File ""/media/qiu/Date/baidu/baiduStreetViewSpider2.py"", line 467, in process_item
    raise Exception(""未找到对应的SVID/PID"")
Exception: 未找到对应的SVID/PID
)"
560,121.443233854,31.2024918283,"未找到对应的SVID/PID (Traceback (most recent call last):
  File ""/media/qiu/Date/baidu/baiduStreetViewSpider2.py"", line 467, in process_item
    raise Exception(""未找到对应的SVID/PID"")
Exception: 未找到对应的SVID/PID
)"
561,121.443233854,31.2024918283,"未找到对应的SVID/PID (Traceback (most recent call last):
  File ""/media/qiu/Date/baidu/baiduStreetViewSpider2.py"", line 467, in process_item
    raise Exception(""未找到对应的SVID/PID"")
Exception: 未找到对应的SVID/PID
)"
562,121.443233854,31.2024918283,"未找到对应的SVID/PID (Traceback (most recent call last):
  File ""/media/qiu/Date/baidu/baiduStreetViewSpider2.py"", line 467, in process_item
    raise Exception(""未找到对应的SVID/PID"")
Exception: 未找到对应的SVID/PID
)"
583,121.444631898,31.2026046635,"未找到对应的SVID/PID (Traceback (most recent call last):
  File ""/media/qiu/Date/baidu/baiduStreetViewSpider2.py"", line 467, in process_item
    raise Exception(""未找到对应的SVID/PID"")
Exception: 未找到对应的SVID/PID
)"
584,121.444631898,31.2026046635,"未找到对应的SVID/PID (Traceback (most recent call last):
  File ""/media/qiu/Date/baidu/baiduStreetViewSpider2.py"", line 467, in process_item
    raise Exception(""未找到对应的SVID/PID"")
Exception: 未找到对应的SVID/PID
)"
585,121.444631898,31.2026046635,"未找到对应的SVID/PID (Traceback (most recent call last):
  File ""/media/qiu/Date/baidu/baiduStreetViewSpider2.py"", line 467, in process_item
    raise Exception(""未找到对应的SVID/PID"")
Exception: 未找到对应的SVID/PID
)"
587,121.443190827,31.2026201596,"未找到对应的SVID/PID (Traceback (most recent call last):
  File ""/media/qiu/Date/baidu/baiduStreetViewSpider2.py"", line 467, in process_item
    raise Exception(""未找到对应的SVID/PID"")
Exception: 未找到对应的SVID/PID
)"
588,121.443190827,31.2026201596,"未找到对应的SVID/PID (Traceback (most recent call last):
  File ""/media/qiu/Date/baidu/baiduStreetViewSpider2.py"", line 467, in process_item
    raise Exception(""未找到对应的SVID/PID"")
Exception: 未找到对应的SVID/PID
)"
589,121.443190827,31.2026201596,"未找到对应的SVID/PID (Traceback (most recent call last):
  File ""/media/qiu/Date/baidu/baiduStreetViewSpider2.py"", line 467, in process_item
    raise Exception(""未找到对应的SVID/PID"")
Exception: 未找到对应的SVID/PID
)"
590,121.443190827,31.2026201596,"未找到对应的SVID/PID (Traceback (most recent call last):
  File ""/media/qiu/Date/baidu/baiduStreetViewSpider2.py"", line 467, in process_item
    raise Exception(""未找到对应的SVID/PID"")
Exception: 未找到对应的SVID/PID
)"
603,121.443373004,31.2026756107,"未找到对应的SVID/PID (Traceback (most recent call last):
  File ""/media/qiu/Date/baidu/baiduStreetViewSpider2.py"", line 467, in process_item
    raise Exception(""未找到对应的SVID/PID"")
Exception: 未找到对应的SVID/PID
)"
612,121.443639316,31.2027362257,"未找到对应的SVID/PID (Traceback (most recent call last):
  File ""/media/qiu/Date/baidu/baiduStreetViewSpider2.py"", line 467, in process_item
    raise Exception(""未找到对应的SVID/PID"")
Exception: 未找到对应的SVID/PID
)"
613,121.446589302,31.2027370684,"未找到对应的SVID/PID (Traceback (most recent call last):
  File ""/media/qiu/Date/baidu/baiduStreetViewSpider2.py"", line 467, in process_item
    raise Exception(""未找到对应的SVID/PID"")
Exception: 未找到对应的SVID/PID
)"
614,121.446589302,31.2027370684,"未找到对应的SVID/PID (Traceback (most recent call last):
  File ""/media/qiu/Date/baidu/baiduStreetViewSpider2.py"", line 467, in process_item
    raise Exception(""未找到对应的SVID/PID"")
Exception: 未找到对应的SVID/PID
)"
615,121.446589302,31.2027370684,"未找到对应的SVID/PID (Traceback (most recent call last):
  File ""/media/qiu/Date/baidu/baiduStreetViewSpider2.py"", line 467, in process_item
    raise Exception(""未找到对应的SVID/PID"")
Exception: 未找到对应的SVID/PID
)"
627,121.444567353,31.2028063295,"未找到对应的SVID/PID (Traceback (most recent call last):
  File ""/media/qiu/Date/baidu/baiduStreetViewSpider2.py"", line 467, in process_item
    raise Exception(""未找到对应的SVID/PID"")
Exception: 未找到对应的SVID/PID
)"
628,121.444567353,31.2028063295,"未找到对应的SVID/PID (Traceback (most recent call last):
  File ""/media/qiu/Date/baidu/baiduStreetViewSpider2.py"", line 467, in process_item
    raise Exception(""未找到对应的SVID/PID"")
Exception: 未找到对应的SVID/PID
)"
629,121.444567353,31.2028063295,"未找到对应的SVID/PID (Traceback (most recent call last):
  File ""/media/qiu/Date/baidu/baiduStreetViewSpider2.py"", line 467, in process_item
    raise Exception(""未找到对应的SVID/PID"")
Exception: 未找到对应的SVID/PID
)"
633,121.446546004,31.2028309545,"未找到对应的SVID/PID (Traceback (most recent call last):
  File ""/media/qiu/Date/baidu/baiduStreetViewSpider2.py"", line 467, in process_item
    raise Exception(""未找到对应的SVID/PID"")
Exception: 未找到对应的SVID/PID
)"
637,121.432375058,31.2028397966,"未找到对应的SVID/PID (Traceback (most recent call last):
  File ""/media/qiu/Date/baidu/baiduStreetViewSpider2.py"", line 467, in process_item
    raise Exception(""未找到对应的SVID/PID"")
Exception: 未找到对应的SVID/PID
)"
638,121.432375058,31.2028397966,"未找到对应的SVID/PID (Traceback (most recent call last):
  File ""/media/qiu/Date/baidu/baiduStreetViewSpider2.py"", line 467, in process_item
    raise Exception(""未找到对应的SVID/PID"")
Exception: 未找到对应的SVID/PID
)"
640,121.432405414,31.2028447774,"未找到对应的SVID/PID (Traceback (most recent call last):
  File ""/media/qiu/Date/baidu/baiduStreetViewSpider2.py"", line 467, in process_item
    raise Exception(""未找到对应的SVID/PID"")
Exception: 未找到对应的SVID/PID
)"
647,121.444550489,31.2028853699,"未找到对应的SVID/PID (Traceback (most recent call last):
  File ""/media/qiu/Date/baidu/baiduStreetViewSpider2.py"", line 467, in process_item
    raise Exception(""未找到对应的SVID/PID"")
Exception: 未找到对应的SVID/PID
)"
657,121.447062532,31.2029215033,"未找到对应的SVID/PID (Traceback (most recent call last):
  File ""/media/qiu/Date/baidu/baiduStreetViewSpider2.py"", line 467, in process_item
    raise Exception(""未找到对应的SVID/PID"")
Exception: 未找到对应的SVID/PID
)"
658,121.447062532,31.2029215033,"未找到对应的SVID/PID (Traceback (most recent call last):
  File ""/media/qiu/Date/baidu/baiduStreetViewSpider2.py"", line 467, in process_item
    raise Exception(""未找到对应的SVID/PID"")
Exception: 未找到对应的SVID/PID
)"
659,121.447062532,31.2029215033,"未找到对应的SVID/PID (Traceback (most recent call last):
  File ""/media/qiu/Date/baidu/baiduStreetViewSpider2.py"", line 467, in process_item
    raise Exception(""未找到对应的SVID/PID"")
Exception: 未找到对应的SVID/PID
)"
660,121.447574756,31.2029245643,"未找到对应的SVID/PID (Traceback (most recent call last):
  File ""/media/qiu/Date/baidu/baiduStreetViewSpider2.py"", line 467, in process_item
    raise Exception(""未找到对应的SVID/PID"")
Exception: 未找到对应的SVID/PID
)"
741,121.446352638,31.2032502378,"未找到对应的SVID/PID (Traceback (most recent call last):
  File ""/media/qiu/Date/baidu/baiduStreetViewSpider2.py"", line 467, in process_item
    raise Exception(""未找到对应的SVID/PID"")
Exception: 未找到对应的SVID/PID
)"
742,121.446352638,31.2032502378,"未找到对应的SVID/PID (Traceback (most recent call last):
  File ""/media/qiu/Date/baidu/baiduStreetViewSpider2.py"", line 467, in process_item
    raise Exception(""未找到对应的SVID/PID"")
Exception: 未找到对应的SVID/PID
)"
743,121.446352638,31.2032502378,"未找到对应的SVID/PID (Traceback (most recent call last):
  File ""/media/qiu/Date/baidu/baiduStreetViewSpider2.py"", line 467, in process_item
    raise Exception(""未找到对应的SVID/PID"")
Exception: 未找到对应的SVID/PID
)"
755,121.4468689,31.2032696534,"未找到对应的SVID/PID (Traceback (most recent call last):
  File ""/media/qiu/Date/baidu/baiduStreetViewSpider2.py"", line 467, in process_item
    raise Exception(""未找到对应的SVID/PID"")
Exception: 未找到对应的SVID/PID
)"
756,121.4468689,31.2032696534,"未找到对应的SVID/PID (Traceback (most recent call last):
  File ""/media/qiu/Date/baidu/baiduStreetViewSpider2.py"", line 467, in process_item
    raise Exception(""未找到对应的SVID/PID"")
Exception: 未找到对应的SVID/PID
)"
757,121.4468689,31.2032696534,"未找到对应的SVID/PID (Traceback (most recent call last):
  File ""/media/qiu/Date/baidu/baiduStreetViewSpider2.py"", line 467, in process_item
    raise Exception(""未找到对应的SVID/PID"")
Exception: 未找到对应的SVID/PID
)"
759,121.446933844,31.2032800458,"未找到对应的SVID/PID (Traceback (most recent call last):
  File ""/media/qiu/Date/baidu/baiduStreetViewSpider2.py"", line 467, in process_item
    raise Exception(""未找到对应的SVID/PID"")
Exception: 未找到对应的SVID/PID
)"
786,121.447449702,31.2033625935,"未找到对应的SVID/PID (Traceback (most recent call last):
  File ""/media/qiu/Date/baidu/baiduStreetViewSpider2.py"", line 467, in process_item
    raise Exception(""未找到对应的SVID/PID"")
Exception: 未找到对应的SVID/PID
)"
787,121.447449702,31.2033625935,"未找到对应的SVID/PID (Traceback (most recent call last):
  File ""/media/qiu/Date/baidu/baiduStreetViewSpider2.py"", line 467, in process_item
    raise Exception(""未找到对应的SVID/PID"")
Exception: 未找到对应的SVID/PID
)"
788,121.447449702,31.2033625935,"未找到对应的SVID/PID (Traceback (most recent call last):
  File ""/media/qiu/Date/baidu/baiduStreetViewSpider2.py"", line 467, in process_item
    raise Exception(""未找到对应的SVID/PID"")
Exception: 未找到对应的SVID/PID
)"
810,121.446782843,31.2034162335,"未找到对应的SVID/PID (Traceback (most recent call last):
  File ""/media/qiu/Date/baidu/baiduStreetViewSpider2.py"", line 467, in process_item
    raise Exception(""未找到对应的SVID/PID"")
Exception: 未找到对应的SVID/PID
)"
811,121.446782843,31.2034162335,"未找到对应的SVID/PID (Traceback (most recent call last):
  File ""/media/qiu/Date/baidu/baiduStreetViewSpider2.py"", line 467, in process_item
    raise Exception(""未找到对应的SVID/PID"")
Exception: 未找到对应的SVID/PID
)"
812,121.446782843,31.2034162335,"未找到对应的SVID/PID (Traceback (most recent call last):
  File ""/media/qiu/Date/baidu/baiduStreetViewSpider2.py"", line 467, in process_item
    raise Exception(""未找到对应的SVID/PID"")
Exception: 未找到对应的SVID/PID
)"
824,121.446739814,31.2034895236,"未找到对应的SVID/PID (Traceback (most recent call last):
  File ""/media/qiu/Date/baidu/baiduStreetViewSpider2.py"", line 467, in process_item
    raise Exception(""未找到对应的SVID/PID"")
Exception: 未找到对应的SVID/PID
)"
823,121.446739814,31.2034895236,"未找到对应的SVID/PID (Traceback (most recent call last):
  File ""/media/qiu/Date/baidu/baiduStreetViewSpider2.py"", line 467, in process_item
    raise Exception(""未找到对应的SVID/PID"")
Exception: 未找到对应的SVID/PID
)"
825,121.446739814,31.2034895236,"未找到对应的SVID/PID (Traceback (most recent call last):
  File ""/media/qiu/Date/baidu/baiduStreetViewSpider2.py"", line 467, in process_item
    raise Exception(""未找到对应的SVID/PID"")
Exception: 未找到对应的SVID/PID
)"
827,121.446070069,31.2034908157,"未找到对应的SVID/PID (Traceback (most recent call last):
  File ""/media/qiu/Date/baidu/baiduStreetViewSpider2.py"", line 467, in process_item
    raise Exception(""未找到对应的SVID/PID"")
Exception: 未找到对应的SVID/PID
)"
864,121.447246776,31.2036058752,"未找到对应的SVID/PID (Traceback (most recent call last):
  File ""/media/qiu/Date/baidu/baiduStreetViewSpider2.py"", line 467, in process_item
    raise Exception(""未找到对应的SVID/PID"")
Exception: 未找到对应的SVID/PID
)"
867,121.432267507,31.2036101193,"未找到对应的SVID/PID (Traceback (most recent call last):
  File ""/media/qiu/Date/baidu/baiduStreetViewSpider2.py"", line 467, in process_item
    raise Exception(""未找到对应的SVID/PID"")
Exception: 未找到对应的SVID/PID
)"
868,121.432267507,31.2036101193,"未找到对应的SVID/PID (Traceback (most recent call last):
  File ""/media/qiu/Date/baidu/baiduStreetViewSpider2.py"", line 467, in process_item
    raise Exception(""未找到对应的SVID/PID"")
Exception: 未找到对应的SVID/PID
)"
869,121.432267507,31.2036101193,"未找到对应的SVID/PID (Traceback (most recent call last):
  File ""/media/qiu/Date/baidu/baiduStreetViewSpider2.py"", line 467, in process_item
    raise Exception(""未找到对应的SVID/PID"")
Exception: 未找到对应的SVID/PID
)"
875,121.447385143,31.203637631,"未找到对应的SVID/PID (Traceback (most recent call last):
  File ""/media/qiu/Date/baidu/baiduStreetViewSpider2.py"", line 467, in process_item
    raise Exception(""未找到对应的SVID/PID"")
Exception: 未找到对应的SVID/PID
)"
876,121.447385143,31.203637631,"未找到对应的SVID/PID (Traceback (most recent call last):
  File ""/media/qiu/Date/baidu/baiduStreetViewSpider2.py"", line 467, in process_item
    raise Exception(""未找到对应的SVID/PID"")
Exception: 未找到对应的SVID/PID
)"
877,121.447385143,31.203637631,"未找到对应的SVID/PID (Traceback (most recent call last):
  File ""/media/qiu/Date/baidu/baiduStreetViewSpider2.py"", line 467, in process_item
    raise Exception(""未找到对应的SVID/PID"")
Exception: 未找到对应的SVID/PID
)"
878,121.447385143,31.203637631,"未找到对应的SVID/PID (Traceback (most recent call last):
  File ""/media/qiu/Date/baidu/baiduStreetViewSpider2.py"", line 467, in process_item
    raise Exception(""未找到对应的SVID/PID"")
Exception: 未找到对应的SVID/PID
)"
892,121.445853328,31.2037066584,"未找到对应的SVID/PID (Traceback (most recent call last):
  File ""/media/qiu/Date/baidu/baiduStreetViewSpider2.py"", line 467, in process_item
    raise Exception(""未找到对应的SVID/PID"")
Exception: 未找到对应的SVID/PID
)"
918,121.432277591,31.2037907061,"未找到对应的SVID/PID (Traceback (most recent call last):
  File ""/media/qiu/Date/baidu/baiduStreetViewSpider2.py"", line 467, in process_item
    raise Exception(""未找到对应的SVID/PID"")
Exception: 未找到对应的SVID/PID
)"
941,121.44650316,31.2038742745,"未找到对应的SVID/PID (Traceback (most recent call last):
  File ""/media/qiu/Date/baidu/baiduStreetViewSpider2.py"", line 467, in process_item
    raise Exception(""未找到对应的SVID/PID"")
Exception: 未找到对应的SVID/PID
)"
942,121.44650316,31.2038742745,"未找到对应的SVID/PID (Traceback (most recent call last):
  File ""/media/qiu/Date/baidu/baiduStreetViewSpider2.py"", line 467, in process_item
    raise Exception(""未找到对应的SVID/PID"")
Exception: 未找到对应的SVID/PID
)"
943,121.44650316,31.2038742745,"未找到对应的SVID/PID (Traceback (most recent call last):
  File ""/media/qiu/Date/baidu/baiduStreetViewSpider2.py"", line 467, in process_item
    raise Exception(""未找到对应的SVID/PID"")
Exception: 未找到对应的SVID/PID
)"
945,121.446333662,31.2038815113,"未找到对应的SVID/PID (Traceback (most recent call last):
  File ""/media/qiu/Date/baidu/baiduStreetViewSpider2.py"", line 467, in process_item
    raise Exception(""未找到对应的SVID/PID"")
Exception: 未找到对应的SVID/PID
)"
997,121.446984066,31.2040547086,"未找到对应的SVID/PID (Traceback (most recent call last):
  File ""/media/qiu/Date/baidu/baiduStreetViewSpider2.py"", line 467, in process_item
    raise Exception(""未找到对应的SVID/PID"")
Exception: 未找到对应的SVID/PID
)"
999,121.447217872,31.2040651258,"未找到对应的SVID/PID (Traceback (most recent call last):
  File ""/media/qiu/Date/baidu/baiduStreetViewSpider2.py"", line 467, in process_item
    raise Exception(""未找到对应的SVID/PID"")
Exception: 未找到对应的SVID/PID
)"
1003,121.449450313,31.2040823184,"未找到对应的SVID/PID (Traceback (most recent call last):
  File ""/media/qiu/Date/baidu/baiduStreetViewSpider2.py"", line 467, in process_item
    raise Exception(""未找到对应的SVID/PID"")
Exception: 未找到对应的SVID/PID
)"
1004,121.449450313,31.2040823184,"未找到对应的SVID/PID (Traceback (most recent call last):
  File ""/media/qiu/Date/baidu/baiduStreetViewSpider2.py"", line 467, in process_item
    raise Exception(""未找到对应的SVID/PID"")
Exception: 未找到对应的SVID/PID
)"
1005,121.449450313,31.2040823184,"未找到对应的SVID/PID (Traceback (most recent call last):
  File ""/media/qiu/Date/baidu/baiduStreetViewSpider2.py"", line 467, in process_item
    raise Exception(""未找到对应的SVID/PID"")
Exception: 未找到对应的SVID/PID
)"
1012,121.447191496,31.2041325346,"未找到对应的SVID/PID (Traceback (most recent call last):
  File ""/media/qiu/Date/baidu/baiduStreetViewSpider2.py"", line 467, in process_item
    raise Exception(""未找到对应的SVID/PID"")
Exception: 未找到对应的SVID/PID
)"
1013,121.447191496,31.2041325346,"未找到对应的SVID/PID (Traceback (most recent call last):
  File ""/media/qiu/Date/baidu/baiduStreetViewSpider2.py"", line 467, in process_item
    raise Exception(""未找到对应的SVID/PID"")
Exception: 未找到对应的SVID/PID
)"
1014,121.447191496,31.2041325346,"未找到对应的SVID/PID (Traceback (most recent call last):
  File ""/media/qiu/Date/baidu/baiduStreetViewSpider2.py"", line 467, in process_item
    raise Exception(""未找到对应的SVID/PID"")
Exception: 未找到对应的SVID/PID
)"
1015,121.447191496,31.2041325346,"未找到对应的SVID/PID (Traceback (most recent call last):
  File ""/media/qiu/Date/baidu/baiduStreetViewSpider2.py"", line 467, in process_item
    raise Exception(""未找到对应的SVID/PID"")
Exception: 未找到对应的SVID/PID
)"
1042,121.449679085,31.2042328826,"未找到对应的SVID/PID (Traceback (most recent call last):
  File ""/media/qiu/Date/baidu/baiduStreetViewSpider2.py"", line 467, in process_item
    raise Exception(""未找到对应的SVID/PID"")
Exception: 未找到对应的SVID/PID
)"
1056,121.450074198,31.2042479123,"未找到对应的SVID/PID (Traceback (most recent call last):
  File ""/media/qiu/Date/baidu/baiduStreetViewSpider2.py"", line 467, in process_item
    raise Exception(""未找到对应的SVID/PID"")
Exception: 未找到对应的SVID/PID
)"
1076,121.450547506,31.2043048581,"未找到对应的SVID/PID (Traceback (most recent call last):
  File ""/media/qiu/Date/baidu/baiduStreetViewSpider2.py"", line 467, in process_item
    raise Exception(""未找到对应的SVID/PID"")
Exception: 未找到对应的SVID/PID
)"
1077,121.450547506,31.2043048581,"未找到对应的SVID/PID (Traceback (most recent call last):
  File ""/media/qiu/Date/baidu/baiduStreetViewSpider2.py"", line 467, in process_item
    raise Exception(""未找到对应的SVID/PID"")
Exception: 未找到对应的SVID/PID
)"
1078,121.450547506,31.2043048581,"未找到对应的SVID/PID (Traceback (most recent call last):
  File ""/media/qiu/Date/baidu/baiduStreetViewSpider2.py"", line 467, in process_item
    raise Exception(""未找到对应的SVID/PID"")
Exception: 未找到对应的SVID/PID
)"
1118,121.447579897,31.2044322312,"未找到对应的SVID/PID (Traceback (most recent call last):
  File ""/media/qiu/Date/baidu/baiduStreetViewSpider2.py"", line 467, in process_item
    raise Exception(""未找到对应的SVID/PID"")
Exception: 未找到对应的SVID/PID
)"
1121,121.447600191,31.2044452539,"未找到对应的SVID/PID (Traceback (most recent call last):
  File ""/media/qiu/Date/baidu/baiduStreetViewSpider2.py"", line 467, in process_item
    raise Exception(""未找到对应的SVID/PID"")
Exception: 未找到对应的SVID/PID
)"
1122,121.447600191,31.2044452539,"未找到对应的SVID/PID (Traceback (most recent call last):
  File ""/media/qiu/Date/baidu/baiduStreetViewSpider2.py"", line 467, in process_item
    raise Exception(""未找到对应的SVID/PID"")
Exception: 未找到对应的SVID/PID
)"
1123,121.447600191,31.2044452539,"未找到对应的SVID/PID (Traceback (most recent call last):
  File ""/media/qiu/Date/baidu/baiduStreetViewSpider2.py"", line 467, in process_item
    raise Exception(""未找到对应的SVID/PID"")
Exception: 未找到对应的SVID/PID
)"
1125,121.450218507,31.2044588582,"未找到对应的SVID/PID (Traceback (most recent call last):
  File ""/media/qiu/Date/baidu/baiduStreetViewSpider2.py"", line 467, in process_item
    raise Exception(""未找到对应的SVID/PID"")
Exception: 未找到对应的SVID/PID
)"
1152,121.449377989,31.2045290392,"未找到对应的SVID/PID (Traceback (most recent call last):
  File ""/media/qiu/Date/baidu/baiduStreetViewSpider2.py"", line 467, in process_item
    raise Exception(""未找到对应的SVID/PID"")
Exception: 未找到对应的SVID/PID
)"
1171,121.444010517,31.2046198035,"未找到对应的SVID/PID (Traceback (most recent call last):
  File ""/media/qiu/Date/baidu/baiduStreetViewSpider2.py"", line 467, in process_item
    raise Exception(""未找到对应的SVID/PID"")
Exception: 未找到对应的SVID/PID
)"
1173,121.449902053,31.2046336445,"未找到对应的SVID/PID (Traceback (most recent call last):
  File ""/media/qiu/Date/baidu/baiduStreetViewSpider2.py"", line 467, in process_item
    raise Exception(""未找到对应的SVID/PID"")
Exception: 未找到对应的SVID/PID
)"
1174,121.449902053,31.2046336445,"未找到对应的SVID/PID (Traceback (most recent call last):
  File ""/media/qiu/Date/baidu/baiduStreetViewSpider2.py"", line 467, in process_item
    raise Exception(""未找到对应的SVID/PID"")
Exception: 未找到对应的SVID/PID
)"
1175,121.449902053,31.2046336445,"未找到对应的SVID/PID (Traceback (most recent call last):
  File ""/media/qiu/Date/baidu/baiduStreetViewSpider2.py"", line 467, in process_item
    raise Exception(""未找到对应的SVID/PID"")
Exception: 未找到对应的SVID/PID
)"
1176,121.449902053,31.2046336445,"未找到对应的SVID/PID (Traceback (most recent call last):
  File ""/media/qiu/Date/baidu/baiduStreetViewSpider2.py"", line 467, in process_item
    raise Exception(""未找到对应的SVID/PID"")
Exception: 未找到对应的SVID/PID
)"
1188,121.449776594,31.2046792166,"未找到对应的SVID/PID (Traceback (most recent call last):
  File ""/media/qiu/Date/baidu/baiduStreetViewSpider2.py"", line 467, in process_item
    raise Exception(""未找到对应的SVID/PID"")
Exception: 未找到对应的SVID/PID
)"
1193,121.450253782,31.2047250341,"未找到对应的SVID/PID (Traceback (most recent call last):
  File ""/media/qiu/Date/baidu/baiduStreetViewSpider2.py"", line 467, in process_item
    raise Exception(""未找到对应的SVID/PID"")
Exception: 未找到对应的SVID/PID
)"
1274,121.450097735,31.2049245726,"未找到对应的SVID/PID (Traceback (most recent call last):
  File ""/media/qiu/Date/baidu/baiduStreetViewSpider2.py"", line 467, in process_item
    raise Exception(""未找到对应的SVID/PID"")
Exception: 未找到对应的SVID/PID
)"
1294,121.449745619,31.2050171663,"未找到对应的SVID/PID (Traceback (most recent call last):
  File ""/media/qiu/Date/baidu/baiduStreetViewSpider2.py"", line 467, in process_item
    raise Exception(""未找到对应的SVID/PID"")
Exception: 未找到对应的SVID/PID
)"
1312,121.450031098,31.2050741982,"未找到对应的SVID/PID (Traceback (most recent call last):
  File ""/media/qiu/Date/baidu/baiduStreetViewSpider2.py"", line 467, in process_item
    raise Exception(""未找到对应的SVID/PID"")
Exception: 未找到对应的SVID/PID
)"
1313,121.450031098,31.2050741982,"未找到对应的SVID/PID (Traceback (most recent call last):
  File ""/media/qiu/Date/baidu/baiduStreetViewSpider2.py"", line 467, in process_item
    raise Exception(""未找到对应的SVID/PID"")
Exception: 未找到对应的SVID/PID
)"
1314,121.450031098,31.2050741982,"未找到对应的SVID/PID (Traceback (most recent call last):
  File ""/media/qiu/Date/baidu/baiduStreetViewSpider2.py"", line 467, in process_item
    raise Exception(""未找到对应的SVID/PID"")
Exception: 未找到对应的SVID/PID
)"
1315,121.450031098,31.2050741982,"未找到对应的SVID/PID (Traceback (most recent call last):
  File ""/media/qiu/Date/baidu/baiduStreetViewSpider2.py"", line 467, in process_item
    raise Exception(""未找到对应的SVID/PID"")
Exception: 未找到对应的SVID/PID
)"
1322,121.450638511,31.2050908328,"未找到对应的SVID/PID (Traceback (most recent call last):
  File ""/media/qiu/Date/baidu/baiduStreetViewSpider2.py"", line 467, in process_item
    raise Exception(""未找到对应的SVID/PID"")
Exception: 未找到对应的SVID/PID
)"
1335,121.45021079,31.2051314215,"未找到对应的SVID/PID (Traceback (most recent call last):
  File ""/media/qiu/Date/baidu/baiduStreetViewSpider2.py"", line 467, in process_item
    raise Exception(""未找到对应的SVID/PID"")
Exception: 未找到对应的SVID/PID
)"
1341,121.452247139,31.2051524938,"未找到对应的SVID/PID (Traceback (most recent call last):
  File ""/media/qiu/Date/baidu/baiduStreetViewSpider2.py"", line 467, in process_item
    raise Exception(""未找到对应的SVID/PID"")
Exception: 未找到对应的SVID/PID
)"
1342,121.452247139,31.2051524938,"未找到对应的SVID/PID (Traceback (most recent call last):
  File ""/media/qiu/Date/baidu/baiduStreetViewSpider2.py"", line 467, in process_item
    raise Exception(""未找到对应的SVID/PID"")
Exception: 未找到对应的SVID/PID
)"
1343,121.452247139,31.2051524938,"未找到对应的SVID/PID (Traceback (most recent call last):
  File ""/media/qiu/Date/baidu/baiduStreetViewSpider2.py"", line 467, in process_item
    raise Exception(""未找到对应的SVID/PID"")
Exception: 未找到对应的SVID/PID
)"
1357,121.4349811,31.2052033306,"未找到对应的SVID/PID (Traceback (most recent call last):
  File ""/media/qiu/Date/baidu/baiduStreetViewSpider2.py"", line 467, in process_item
    raise Exception(""未找到对应的SVID/PID"")
Exception: 未找到对应的SVID/PID
)"
1387,121.452569886,31.2052816675,"未找到对应的SVID/PID (Traceback (most recent call last):
  File ""/media/qiu/Date/baidu/baiduStreetViewSpider2.py"", line 467, in process_item
    raise Exception(""未找到对应的SVID/PID"")
Exception: 未找到对应的SVID/PID
)"
1388,121.452569886,31.2052816675,"未找到对应的SVID/PID (Traceback (most recent call last):
  File ""/media/qiu/Date/baidu/baiduStreetViewSpider2.py"", line 467, in process_item
    raise Exception(""未找到对应的SVID/PID"")
Exception: 未找到对应的SVID/PID
)"
1389,121.452569886,31.2052816675,"未找到对应的SVID/PID (Traceback (most recent call last):
  File ""/media/qiu/Date/baidu/baiduStreetViewSpider2.py"", line 467, in process_item
    raise Exception(""未找到对应的SVID/PID"")
Exception: 未找到对应的SVID/PID
)"
1403,121.450324277,31.2053293167,"未找到对应的SVID/PID (Traceback (most recent call last):
  File ""/media/qiu/Date/baidu/baiduStreetViewSpider2.py"", line 467, in process_item
    raise Exception(""未找到对应的SVID/PID"")
Exception: 未找到对应的SVID/PID
)"
1437,121.452871077,31.2053924105,"未找到对应的SVID/PID (Traceback (most recent call last):
  File ""/media/qiu/Date/baidu/baiduStreetViewSpider2.py"", line 467, in process_item
    raise Exception(""未找到对应的SVID/PID"")
Exception: 未找到对应的SVID/PID
)"
1438,121.452871077,31.2053924105,"未找到对应的SVID/PID (Traceback (most recent call last):
  File ""/media/qiu/Date/baidu/baiduStreetViewSpider2.py"", line 467, in process_item
    raise Exception(""未找到对应的SVID/PID"")
Exception: 未找到对应的SVID/PID
)"
1439,121.452871077,31.2053924105,"未找到对应的SVID/PID (Traceback (most recent call last):
  File ""/media/qiu/Date/baidu/baiduStreetViewSpider2.py"", line 467, in process_item
    raise Exception(""未找到对应的SVID/PID"")
Exception: 未找到对应的SVID/PID
)"
1446,121.452850156,31.2054280318,"未找到对应的SVID/PID (Traceback (most recent call last):
  File ""/media/qiu/Date/baidu/baiduStreetViewSpider2.py"", line 467, in process_item
    raise Exception(""未找到对应的SVID/PID"")
Exception: 未找到对应的SVID/PID
)"
1447,121.445965259,31.2054324632,"未找到对应的SVID/PID (Traceback (most recent call last):
  File ""/media/qiu/Date/baidu/baiduStreetViewSpider2.py"", line 467, in process_item
    raise Exception(""未找到对应的SVID/PID"")
Exception: 未找到对应的SVID/PID
)"
1448,121.445965259,31.2054324632,"未找到对应的SVID/PID (Traceback (most recent call last):
  File ""/media/qiu/Date/baidu/baiduStreetViewSpider2.py"", line 467, in process_item
    raise Exception(""未找到对应的SVID/PID"")
Exception: 未找到对应的SVID/PID
)"
1449,121.445965259,31.2054324632,"未找到对应的SVID/PID (Traceback (most recent call last):
  File ""/media/qiu/Date/baidu/baiduStreetViewSpider2.py"", line 467, in process_item
    raise Exception(""未找到对应的SVID/PID"")
Exception: 未找到对应的SVID/PID
)"
1455,121.446209256,31.20545364,"未找到对应的SVID/PID (Traceback (most recent call last):
  File ""/media/qiu/Date/baidu/baiduStreetViewSpider2.py"", line 467, in process_item
    raise Exception(""未找到对应的SVID/PID"")
Exception: 未找到对应的SVID/PID
)"
1464,121.445425233,31.2054718939,"未找到对应的SVID/PID (Traceback (most recent call last):
  File ""/media/qiu/Date/baidu/baiduStreetViewSpider2.py"", line 467, in process_item
    raise Exception(""未找到对应的SVID/PID"")
Exception: 未找到对应的SVID/PID
)"
1474,121.445922232,31.205505753,"未找到对应的SVID/PID (Traceback (most recent call last):
  File ""/media/qiu/Date/baidu/baiduStreetViewSpider2.py"", line 467, in process_item
    raise Exception(""未找到对应的SVID/PID"")
Exception: 未找到对应的SVID/PID
)"
1475,121.445922232,31.205505753,"未找到对应的SVID/PID (Traceback (most recent call last):
  File ""/media/qiu/Date/baidu/baiduStreetViewSpider2.py"", line 467, in process_item
    raise Exception(""未找到对应的SVID/PID"")
Exception: 未找到对应的SVID/PID
)"
1476,121.445922232,31.205505753,"未找到对应的SVID/PID (Traceback (most recent call last):
  File ""/media/qiu/Date/baidu/baiduStreetViewSpider2.py"", line 467, in process_item
    raise Exception(""未找到对应的SVID/PID"")
Exception: 未找到对应的SVID/PID
)"
1480,121.446395463,31.2055250714,"未找到对应的SVID/PID (Traceback (most recent call last):
  File ""/media/qiu/Date/baidu/baiduStreetViewSpider2.py"", line 467, in process_item
    raise Exception(""未找到对应的SVID/PID"")
Exception: 未找到对应的SVID/PID
)"
1481,121.446395463,31.2055250714,"未找到对应的SVID/PID (Traceback (most recent call last):
  File ""/media/qiu/Date/baidu/baiduStreetViewSpider2.py"", line 467, in process_item
    raise Exception(""未找到对应的SVID/PID"")
Exception: 未找到对应的SVID/PID
)"
1482,121.446395463,31.2055250714,"未找到对应的SVID/PID (Traceback (most recent call last):
  File ""/media/qiu/Date/baidu/baiduStreetViewSpider2.py"", line 467, in process_item
    raise Exception(""未找到对应的SVID/PID"")
Exception: 未找到对应的SVID/PID
)"
1485,121.43498424,31.2055316923,"未找到对应的SVID/PID (Traceback (most recent call last):
  File ""/media/qiu/Date/baidu/baiduStreetViewSpider2.py"", line 467, in process_item
    raise Exception(""未找到对应的SVID/PID"")
Exception: 未找到对应的SVID/PID
)"
1486,121.452232881,31.2055345847,"未找到对应的SVID/PID (Traceback (most recent call last):
  File ""/media/qiu/Date/baidu/baiduStreetViewSpider2.py"", line 467, in process_item
    raise Exception(""未找到对应的SVID/PID"")
Exception: 未找到对应的SVID/PID
)"
1492,121.445405985,31.2055597333,"未找到对应的SVID/PID (Traceback (most recent call last):
  File ""/media/qiu/Date/baidu/baiduStreetViewSpider2.py"", line 467, in process_item
    raise Exception(""未找到对应的SVID/PID"")
Exception: 未找到对应的SVID/PID
)"
1493,121.445405985,31.2055597333,"未找到对应的SVID/PID (Traceback (most recent call last):
  File ""/media/qiu/Date/baidu/baiduStreetViewSpider2.py"", line 467, in process_item
    raise Exception(""未找到对应的SVID/PID"")
Exception: 未找到对应的SVID/PID
)"
1494,121.445405985,31.2055597333,"未找到对应的SVID/PID (Traceback (most recent call last):
  File ""/media/qiu/Date/baidu/baiduStreetViewSpider2.py"", line 467, in process_item
    raise Exception(""未找到对应的SVID/PID"")
Exception: 未找到对应的SVID/PID
)"
1495,121.446792663,31.2055612666,"未找到对应的SVID/PID (Traceback (most recent call last):
  File ""/media/qiu/Date/baidu/baiduStreetViewSpider2.py"", line 467, in process_item
    raise Exception(""未找到对应的SVID/PID"")
Exception: 未找到对应的SVID/PID
)"
1501,121.45293561,31.2055753134,"未找到对应的SVID/PID (Traceback (most recent call last):
  File ""/media/qiu/Date/baidu/baiduStreetViewSpider2.py"", line 467, in process_item
    raise Exception(""未找到对应的SVID/PID"")
Exception: 未找到对应的SVID/PID
)"
1505,121.452462251,31.2055932693,"未找到对应的SVID/PID (Traceback (most recent call last):
  File ""/media/qiu/Date/baidu/baiduStreetViewSpider2.py"", line 467, in process_item
    raise Exception(""未找到对应的SVID/PID"")
Exception: 未找到对应的SVID/PID
)"
1506,121.452462251,31.2055932693,"未找到对应的SVID/PID (Traceback (most recent call last):
  File ""/media/qiu/Date/baidu/baiduStreetViewSpider2.py"", line 467, in process_item
    raise Exception(""未找到对应的SVID/PID"")
Exception: 未找到对应的SVID/PID
)"
1507,121.452462251,31.2055932693,"未找到对应的SVID/PID (Traceback (most recent call last):
  File ""/media/qiu/Date/baidu/baiduStreetViewSpider2.py"", line 467, in process_item
    raise Exception(""未找到对应的SVID/PID"")
Exception: 未找到对应的SVID/PID
)"
1515,121.445922223,31.2056158201,"未找到对应的SVID/PID (Traceback (most recent call last):
  File ""/media/qiu/Date/baidu/baiduStreetViewSpider2.py"", line 467, in process_item
    raise Exception(""未找到对应的SVID/PID"")
Exception: 未找到对应的SVID/PID
)"
1516,121.445922223,31.2056158201,"未找到对应的SVID/PID (Traceback (most recent call last):
  File ""/media/qiu/Date/baidu/baiduStreetViewSpider2.py"", line 467, in process_item
    raise Exception(""未找到对应的SVID/PID"")
Exception: 未找到对应的SVID/PID
)"
1517,121.445922223,31.2056158201,"未找到对应的SVID/PID (Traceback (most recent call last):
  File ""/media/qiu/Date/baidu/baiduStreetViewSpider2.py"", line 467, in process_item
    raise Exception(""未找到对应的SVID/PID"")
Exception: 未找到对应的SVID/PID
)"
1522,121.446232411,31.2056504056,"未找到对应的SVID/PID (Traceback (most recent call last):
  File ""/media/qiu/Date/baidu/baiduStreetViewSpider2.py"", line 467, in process_item
    raise Exception(""未找到对应的SVID/PID"")
Exception: 未找到对应的SVID/PID
)"
1528,121.446911713,31.2056912432,"未找到对应的SVID/PID (Traceback (most recent call last):
  File ""/media/qiu/Date/baidu/baiduStreetViewSpider2.py"", line 467, in process_item
    raise Exception(""未找到对应的SVID/PID"")
Exception: 未找到对应的SVID/PID
)"
1529,121.446911713,31.2056912432,"未找到对应的SVID/PID (Traceback (most recent call last):
  File ""/media/qiu/Date/baidu/baiduStreetViewSpider2.py"", line 467, in process_item
    raise Exception(""未找到对应的SVID/PID"")
Exception: 未找到对应的SVID/PID
)"
1530,121.446911713,31.2056912432,"未找到对应的SVID/PID (Traceback (most recent call last):
  File ""/media/qiu/Date/baidu/baiduStreetViewSpider2.py"", line 467, in process_item
    raise Exception(""未找到对应的SVID/PID"")
Exception: 未找到对应的SVID/PID
)"
1535,121.446373936,31.2057084719,"未找到对应的SVID/PID (Traceback (most recent call last):
  File ""/media/qiu/Date/baidu/baiduStreetViewSpider2.py"", line 467, in process_item
    raise Exception(""未找到对应的SVID/PID"")
Exception: 未找到对应的SVID/PID
)"
1536,121.446373936,31.2057084719,"未找到对应的SVID/PID (Traceback (most recent call last):
  File ""/media/qiu/Date/baidu/baiduStreetViewSpider2.py"", line 467, in process_item
    raise Exception(""未找到对应的SVID/PID"")
Exception: 未找到对应的SVID/PID
)"
1537,121.446373936,31.2057084719,"未找到对应的SVID/PID (Traceback (most recent call last):
  File ""/media/qiu/Date/baidu/baiduStreetViewSpider2.py"", line 467, in process_item
    raise Exception(""未找到对应的SVID/PID"")
Exception: 未找到对应的SVID/PID
)"
1539,121.439728047,31.2057098125,"未找到对应的SVID/PID (Traceback (most recent call last):
  File ""/media/qiu/Date/baidu/baiduStreetViewSpider2.py"", line 467, in process_item
    raise Exception(""未找到对应的SVID/PID"")
Exception: 未找到对应的SVID/PID
)"
1541,121.439749573,31.2057139324,"未找到对应的SVID/PID (Traceback (most recent call last):
  File ""/media/qiu/Date/baidu/baiduStreetViewSpider2.py"", line 467, in process_item
    raise Exception(""未找到对应的SVID/PID"")
Exception: 未找到对应的SVID/PID
)"
1542,121.439749573,31.2057139324,"未找到对应的SVID/PID (Traceback (most recent call last):
  File ""/media/qiu/Date/baidu/baiduStreetViewSpider2.py"", line 467, in process_item
    raise Exception(""未找到对应的SVID/PID"")
Exception: 未找到对应的SVID/PID
)"
1543,121.439749573,31.2057139324,"未找到对应的SVID/PID (Traceback (most recent call last):
  File ""/media/qiu/Date/baidu/baiduStreetViewSpider2.py"", line 467, in process_item
    raise Exception(""未找到对应的SVID/PID"")
Exception: 未找到对应的SVID/PID
)"
1545,121.447088457,31.2057157313,"未找到对应的SVID/PID (Traceback (most recent call last):
  File ""/media/qiu/Date/baidu/baiduStreetViewSpider2.py"", line 467, in process_item
    raise Exception(""未找到对应的SVID/PID"")
Exception: 未找到对应的SVID/PID
)"
1547,121.446767242,31.2057298799,"未找到对应的SVID/PID (Traceback (most recent call last):
  File ""/media/qiu/Date/baidu/baiduStreetViewSpider2.py"", line 467, in process_item
    raise Exception(""未找到对应的SVID/PID"")
Exception: 未找到对应的SVID/PID
)"
1553,121.445362947,31.2057614353,"未找到对应的SVID/PID (Traceback (most recent call last):
  File ""/media/qiu/Date/baidu/baiduStreetViewSpider2.py"", line 467, in process_item
    raise Exception(""未找到对应的SVID/PID"")
Exception: 未找到对应的SVID/PID
)"
1554,121.445362947,31.2057614353,"未找到对应的SVID/PID (Traceback (most recent call last):
  File ""/media/qiu/Date/baidu/baiduStreetViewSpider2.py"", line 467, in process_item
    raise Exception(""未找到对应的SVID/PID"")
Exception: 未找到对应的SVID/PID
)"
1555,121.445362947,31.2057614353,"未找到对应的SVID/PID (Traceback (most recent call last):
  File ""/media/qiu/Date/baidu/baiduStreetViewSpider2.py"", line 467, in process_item
    raise Exception(""未找到对应的SVID/PID"")
Exception: 未找到对应的SVID/PID
)"
1557,121.446357261,31.2057653056,"未找到对应的SVID/PID (Traceback (most recent call last):
  File ""/media/qiu/Date/baidu/baiduStreetViewSpider2.py"", line 467, in process_item
    raise Exception(""未找到对应的SVID/PID"")
Exception: 未找到对应的SVID/PID
)"
1566,121.437625848,31.2058026341,"未找到对应的SVID/PID (Traceback (most recent call last):
  File ""/media/qiu/Date/baidu/baiduStreetViewSpider2.py"", line 467, in process_item
    raise Exception(""未找到对应的SVID/PID"")
Exception: 未找到对应的SVID/PID
)"
1570,121.445879184,31.2058175212,"未找到对应的SVID/PID (Traceback (most recent call last):
  File ""/media/qiu/Date/baidu/baiduStreetViewSpider2.py"", line 467, in process_item
    raise Exception(""未找到对应的SVID/PID"")
Exception: 未找到对应的SVID/PID
)"
1571,121.445879184,31.2058175212,"未找到对应的SVID/PID (Traceback (most recent call last):
  File ""/media/qiu/Date/baidu/baiduStreetViewSpider2.py"", line 467, in process_item
    raise Exception(""未找到对应的SVID/PID"")
Exception: 未找到对应的SVID/PID
)"
1572,121.445879184,31.2058175212,"未找到对应的SVID/PID (Traceback (most recent call last):
  File ""/media/qiu/Date/baidu/baiduStreetViewSpider2.py"", line 467, in process_item
    raise Exception(""未找到对应的SVID/PID"")
Exception: 未找到对应的SVID/PID
)"
1573,121.445879184,31.2058175212,"未找到对应的SVID/PID (Traceback (most recent call last):
  File ""/media/qiu/Date/baidu/baiduStreetViewSpider2.py"", line 467, in process_item
    raise Exception(""未找到对应的SVID/PID"")
Exception: 未找到对应的SVID/PID
)"
1574,121.44686868,31.2058195649,"未找到对应的SVID/PID (Traceback (most recent call last):
  File ""/media/qiu/Date/baidu/baiduStreetViewSpider2.py"", line 467, in process_item
    raise Exception(""未找到对应的SVID/PID"")
Exception: 未找到对应的SVID/PID
)"
1575,121.44686868,31.2058195649,"未找到对应的SVID/PID (Traceback (most recent call last):
  File ""/media/qiu/Date/baidu/baiduStreetViewSpider2.py"", line 467, in process_item
    raise Exception(""未找到对应的SVID/PID"")
Exception: 未找到对应的SVID/PID
)"
1583,121.446206521,31.2058359213,"未找到对应的SVID/PID (Traceback (most recent call last):
  File ""/media/qiu/Date/baidu/baiduStreetViewSpider2.py"", line 467, in process_item
    raise Exception(""未找到对应的SVID/PID"")
Exception: 未找到对应的SVID/PID
)"
1587,121.447070586,31.2058469988,"未找到对应的SVID/PID (Traceback (most recent call last):
  File ""/media/qiu/Date/baidu/baiduStreetViewSpider2.py"", line 467, in process_item
    raise Exception(""未找到对应的SVID/PID"")
Exception: 未找到对应的SVID/PID
)"
1593,121.439297969,31.2058782141,"未找到对应的SVID/PID (Traceback (most recent call last):
  File ""/media/qiu/Date/baidu/baiduStreetViewSpider2.py"", line 467, in process_item
    raise Exception(""未找到对应的SVID/PID"")
Exception: 未找到对应的SVID/PID
)"
1595,121.439297969,31.2058782141,"未找到对应的SVID/PID (Traceback (most recent call last):
  File ""/media/qiu/Date/baidu/baiduStreetViewSpider2.py"", line 467, in process_item
    raise Exception(""未找到对应的SVID/PID"")
Exception: 未找到对应的SVID/PID
)"
1602,121.456959454,31.205897305,"未找到对应的SVID/PID (Traceback (most recent call last):
  File ""/media/qiu/Date/baidu/baiduStreetViewSpider2.py"", line 467, in process_item
    raise Exception(""未找到对应的SVID/PID"")
Exception: 未找到对应的SVID/PID
)"
1613,121.446720797,31.2059113203,"未找到对应的SVID/PID (Traceback (most recent call last):
  File ""/media/qiu/Date/baidu/baiduStreetViewSpider2.py"", line 467, in process_item
    raise Exception(""未找到对应的SVID/PID"")
Exception: 未找到对应的SVID/PID
)"
1616,121.452427969,31.205918211,"未找到对应的SVID/PID (Traceback (most recent call last):
  File ""/media/qiu/Date/baidu/baiduStreetViewSpider2.py"", line 467, in process_item
    raise Exception(""未找到对应的SVID/PID"")
Exception: 未找到对应的SVID/PID
)"
1622,121.445410021,31.2059454752,"未找到对应的SVID/PID (Traceback (most recent call last):
  File ""/media/qiu/Date/baidu/baiduStreetViewSpider2.py"", line 467, in process_item
    raise Exception(""未找到对应的SVID/PID"")
Exception: 未找到对应的SVID/PID
)"
1636,121.447090675,31.2059846963,"未找到对应的SVID/PID (Traceback (most recent call last):
  File ""/media/qiu/Date/baidu/baiduStreetViewSpider2.py"", line 467, in process_item
    raise Exception(""未找到对应的SVID/PID"")
Exception: 未找到对应的SVID/PID
)"
1645,121.445857658,31.2060009216,"未找到对应的SVID/PID (Traceback (most recent call last):
  File ""/media/qiu/Date/baidu/baiduStreetViewSpider2.py"", line 467, in process_item
    raise Exception(""未找到对应的SVID/PID"")
Exception: 未找到对应的SVID/PID
)"
1646,121.445857658,31.2060009216,"未找到对应的SVID/PID (Traceback (most recent call last):
  File ""/media/qiu/Date/baidu/baiduStreetViewSpider2.py"", line 467, in process_item
    raise Exception(""未找到对应的SVID/PID"")
Exception: 未找到对应的SVID/PID
)"
1647,121.445857658,31.2060009216,"未找到对应的SVID/PID (Traceback (most recent call last):
  File ""/media/qiu/Date/baidu/baiduStreetViewSpider2.py"", line 467, in process_item
    raise Exception(""未找到对应的SVID/PID"")
Exception: 未找到对应的SVID/PID
)"
1648,121.445857658,31.2060009216,"未找到对应的SVID/PID (Traceback (most recent call last):
  File ""/media/qiu/Date/baidu/baiduStreetViewSpider2.py"", line 467, in process_item
    raise Exception(""未找到对应的SVID/PID"")
Exception: 未找到对应的SVID/PID
)"
1656,121.446056949,31.2060213425,"未找到对应的SVID/PID (Traceback (most recent call last):
  File ""/media/qiu/Date/baidu/baiduStreetViewSpider2.py"", line 467, in process_item
    raise Exception(""未找到对应的SVID/PID"")
Exception: 未找到对应的SVID/PID
)"
1657,121.446310581,31.2060245017,"未找到对应的SVID/PID (Traceback (most recent call last):
  File ""/media/qiu/Date/baidu/baiduStreetViewSpider2.py"", line 467, in process_item
    raise Exception(""未找到对应的SVID/PID"")
Exception: 未找到对应的SVID/PID
)"
1667,121.43740885,31.2060518038,"未找到对应的SVID/PID (Traceback (most recent call last):
  File ""/media/qiu/Date/baidu/baiduStreetViewSpider2.py"", line 467, in process_item
    raise Exception(""未找到对应的SVID/PID"")
Exception: 未找到对应的SVID/PID
)"
1669,121.44648146,31.2060572388,"未找到对应的SVID/PID (Traceback (most recent call last):
  File ""/media/qiu/Date/baidu/baiduStreetViewSpider2.py"", line 467, in process_item
    raise Exception(""未找到对应的SVID/PID"")
Exception: 未找到对应的SVID/PID
)"
1668,121.44648146,31.2060572388,"未找到对应的SVID/PID (Traceback (most recent call last):
  File ""/media/qiu/Date/baidu/baiduStreetViewSpider2.py"", line 467, in process_item
    raise Exception(""未找到对应的SVID/PID"")
Exception: 未找到对应的SVID/PID
)"
1670,121.44648146,31.2060572388,"未找到对应的SVID/PID (Traceback (most recent call last):
  File ""/media/qiu/Date/baidu/baiduStreetViewSpider2.py"", line 467, in process_item
    raise Exception(""未找到对应的SVID/PID"")
Exception: 未找到对应的SVID/PID
)"
1692,121.44673959,31.2060944655,"未找到对应的SVID/PID (Traceback (most recent call last):
  File ""/media/qiu/Date/baidu/baiduStreetViewSpider2.py"", line 467, in process_item
    raise Exception(""未找到对应的SVID/PID"")
Exception: 未找到对应的SVID/PID
)"
1693,121.44673959,31.2060944655,"未找到对应的SVID/PID (Traceback (most recent call last):
  File ""/media/qiu/Date/baidu/baiduStreetViewSpider2.py"", line 467, in process_item
    raise Exception(""未找到对应的SVID/PID"")
Exception: 未找到对应的SVID/PID
)"
1694,121.44673959,31.2060944655,"未找到对应的SVID/PID (Traceback (most recent call last):
  File ""/media/qiu/Date/baidu/baiduStreetViewSpider2.py"", line 467, in process_item
    raise Exception(""未找到对应的SVID/PID"")
Exception: 未找到对应的SVID/PID
)"
1709,121.446997721,31.2061316919,"未找到对应的SVID/PID (Traceback (most recent call last):
  File ""/media/qiu/Date/baidu/baiduStreetViewSpider2.py"", line 467, in process_item
    raise Exception(""未找到对应的SVID/PID"")
Exception: 未找到对应的SVID/PID
)"
1710,121.446997721,31.2061316919,"未找到对应的SVID/PID (Traceback (most recent call last):
  File ""/media/qiu/Date/baidu/baiduStreetViewSpider2.py"", line 467, in process_item
    raise Exception(""未找到对应的SVID/PID"")
Exception: 未找到对应的SVID/PID
)"
1711,121.446997721,31.2061316919,"未找到对应的SVID/PID (Traceback (most recent call last):
  File ""/media/qiu/Date/baidu/baiduStreetViewSpider2.py"", line 467, in process_item
    raise Exception(""未找到对应的SVID/PID"")
Exception: 未找到对应的SVID/PID
)"
1719,121.445466924,31.206145173,"未找到对应的SVID/PID (Traceback (most recent call last):
  File ""/media/qiu/Date/baidu/baiduStreetViewSpider2.py"", line 467, in process_item
    raise Exception(""未找到对应的SVID/PID"")
Exception: 未找到对应的SVID/PID
)"
1725,121.447255854,31.2061689181,"未找到对应的SVID/PID (Traceback (most recent call last):
  File ""/media/qiu/Date/baidu/baiduStreetViewSpider2.py"", line 467, in process_item
    raise Exception(""未找到对应的SVID/PID"")
Exception: 未找到对应的SVID/PID
)"
1726,121.447255854,31.2061689181,"未找到对应的SVID/PID (Traceback (most recent call last):
  File ""/media/qiu/Date/baidu/baiduStreetViewSpider2.py"", line 467, in process_item
    raise Exception(""未找到对应的SVID/PID"")
Exception: 未找到对应的SVID/PID
)"
1727,121.447255854,31.2061689181,"未找到对应的SVID/PID (Traceback (most recent call last):
  File ""/media/qiu/Date/baidu/baiduStreetViewSpider2.py"", line 467, in process_item
    raise Exception(""未找到对应的SVID/PID"")
Exception: 未找到对应的SVID/PID
)"
1730,121.445836132,31.2061843217,"未找到对应的SVID/PID (Traceback (most recent call last):
  File ""/media/qiu/Date/baidu/baiduStreetViewSpider2.py"", line 467, in process_item
    raise Exception(""未找到对应的SVID/PID"")
Exception: 未找到对应的SVID/PID
)"
1731,121.445836132,31.2061843217,"未找到对应的SVID/PID (Traceback (most recent call last):
  File ""/media/qiu/Date/baidu/baiduStreetViewSpider2.py"", line 467, in process_item
    raise Exception(""未找到对应的SVID/PID"")
Exception: 未找到对应的SVID/PID
)"
1732,121.445836132,31.2061843217,"未找到对应的SVID/PID (Traceback (most recent call last):
  File ""/media/qiu/Date/baidu/baiduStreetViewSpider2.py"", line 467, in process_item
    raise Exception(""未找到对应的SVID/PID"")
Exception: 未找到对应的SVID/PID
)"
1733,121.445836132,31.2061843217,"未找到对应的SVID/PID (Traceback (most recent call last):
  File ""/media/qiu/Date/baidu/baiduStreetViewSpider2.py"", line 467, in process_item
    raise Exception(""未找到对应的SVID/PID"")
Exception: 未找到对应的SVID/PID
)"
1734,121.44601896,31.2061871727,"未找到对应的SVID/PID (Traceback (most recent call last):
  File ""/media/qiu/Date/baidu/baiduStreetViewSpider2.py"", line 467, in process_item
    raise Exception(""未找到对应的SVID/PID"")
Exception: 未找到对应的SVID/PID
)"
1755,121.448721095,31.2062239712,"未找到对应的SVID/PID (Traceback (most recent call last):
  File ""/media/qiu/Date/baidu/baiduStreetViewSpider2.py"", line 467, in process_item
    raise Exception(""未找到对应的SVID/PID"")
Exception: 未找到对应的SVID/PID
)"
1801,121.445793096,31.2063676774,"未找到对应的SVID/PID (Traceback (most recent call last):
  File ""/media/qiu/Date/baidu/baiduStreetViewSpider2.py"", line 467, in process_item
    raise Exception(""未找到对应的SVID/PID"")
Exception: 未找到对应的SVID/PID
)"
1800,121.445789542,31.2063674177,"未找到对应的SVID/PID (Traceback (most recent call last):
  File ""/media/qiu/Date/baidu/baiduStreetViewSpider2.py"", line 467, in process_item
    raise Exception(""未找到对应的SVID/PID"")
Exception: 未找到对应的SVID/PID
)"
1802,121.445793096,31.2063676774,"未找到对应的SVID/PID (Traceback (most recent call last):
  File ""/media/qiu/Date/baidu/baiduStreetViewSpider2.py"", line 467, in process_item
    raise Exception(""未找到对应的SVID/PID"")
Exception: 未找到对应的SVID/PID
)"
1803,121.445793096,31.2063676774,"未找到对应的SVID/PID (Traceback (most recent call last):
  File ""/media/qiu/Date/baidu/baiduStreetViewSpider2.py"", line 467, in process_item
    raise Exception(""未找到对应的SVID/PID"")
Exception: 未找到对应的SVID/PID
)"
1807,121.446010249,31.2063865642,"未找到对应的SVID/PID (Traceback (most recent call last):
  File ""/media/qiu/Date/baidu/baiduStreetViewSpider2.py"", line 467, in process_item
    raise Exception(""未找到对应的SVID/PID"")
Exception: 未找到对应的SVID/PID
)"
1823,121.446356581,31.206427557,"未找到对应的SVID/PID (Traceback (most recent call last):
  File ""/media/qiu/Date/baidu/baiduStreetViewSpider2.py"", line 467, in process_item
    raise Exception(""未找到对应的SVID/PID"")
Exception: 未找到对应的SVID/PID
)"
1835,121.446851382,31.2064849742,"未找到对应的SVID/PID (Traceback (most recent call last):
  File ""/media/qiu/Date/baidu/baiduStreetViewSpider2.py"", line 467, in process_item
    raise Exception(""未找到对应的SVID/PID"")
Exception: 未找到对应的SVID/PID
)"
1838,121.446589877,31.2064884908,"未找到对应的SVID/PID (Traceback (most recent call last):
  File ""/media/qiu/Date/baidu/baiduStreetViewSpider2.py"", line 467, in process_item
    raise Exception(""未找到对应的SVID/PID"")
Exception: 未找到对应的SVID/PID
)"
1852,121.456959399,31.2065393588,"未找到对应的SVID/PID (Traceback (most recent call last):
  File ""/media/qiu/Date/baidu/baiduStreetViewSpider2.py"", line 467, in process_item
    raise Exception(""未找到对应的SVID/PID"")
Exception: 未找到对应的SVID/PID
)"
1853,121.456959399,31.2065393588,"未找到对应的SVID/PID (Traceback (most recent call last):
  File ""/media/qiu/Date/baidu/baiduStreetViewSpider2.py"", line 467, in process_item
    raise Exception(""未找到对应的SVID/PID"")
Exception: 未找到对应的SVID/PID
)"
1854,121.456959399,31.2065393588,"未找到对应的SVID/PID (Traceback (most recent call last):
  File ""/media/qiu/Date/baidu/baiduStreetViewSpider2.py"", line 467, in process_item
    raise Exception(""未找到对应的SVID/PID"")
Exception: 未找到对应的SVID/PID
)"
1865,121.447126955,31.2065544432,"未找到对应的SVID/PID (Traceback (most recent call last):
  File ""/media/qiu/Date/baidu/baiduStreetViewSpider2.py"", line 467, in process_item
    raise Exception(""未找到对应的SVID/PID"")
Exception: 未找到对应的SVID/PID
)"
1885,121.446545945,31.2066077034,"未找到对应的SVID/PID (Traceback (most recent call last):
  File ""/media/qiu/Date/baidu/baiduStreetViewSpider2.py"", line 467, in process_item
    raise Exception(""未找到对应的SVID/PID"")
Exception: 未找到对应的SVID/PID
)"
1902,121.449822148,31.2066531247,"未找到对应的SVID/PID (Traceback (most recent call last):
  File ""/media/qiu/Date/baidu/baiduStreetViewSpider2.py"", line 467, in process_item
    raise Exception(""未找到对应的SVID/PID"")
Exception: 未找到对应的SVID/PID
)"
1912,121.449301717,31.2067050455,"未找到对应的SVID/PID (Traceback (most recent call last):
  File ""/media/qiu/Date/baidu/baiduStreetViewSpider2.py"", line 467, in process_item
    raise Exception(""未找到对应的SVID/PID"")
Exception: 未找到对应的SVID/PID
)"
1914,121.449299493,31.2067052647,"未找到对应的SVID/PID (Traceback (most recent call last):
  File ""/media/qiu/Date/baidu/baiduStreetViewSpider2.py"", line 467, in process_item
    raise Exception(""未找到对应的SVID/PID"")
Exception: 未找到对应的SVID/PID
)"
1915,121.449299493,31.2067052647,"未找到对应的SVID/PID (Traceback (most recent call last):
  File ""/media/qiu/Date/baidu/baiduStreetViewSpider2.py"", line 467, in process_item
    raise Exception(""未找到对应的SVID/PID"")
Exception: 未找到对应的SVID/PID
)"
1916,121.449299493,31.2067052647,"未找到对应的SVID/PID (Traceback (most recent call last):
  File ""/media/qiu/Date/baidu/baiduStreetViewSpider2.py"", line 467, in process_item
    raise Exception(""未找到对应的SVID/PID"")
Exception: 未找到对应的SVID/PID
)"
1921,121.448998306,31.2067229538,"未找到对应的SVID/PID (Traceback (most recent call last):
  File ""/media/qiu/Date/baidu/baiduStreetViewSpider2.py"", line 467, in process_item
    raise Exception(""未找到对应的SVID/PID"")
Exception: 未找到对应的SVID/PID
)"
1922,121.448998306,31.2067229538,"未找到对应的SVID/PID (Traceback (most recent call last):
  File ""/media/qiu/Date/baidu/baiduStreetViewSpider2.py"", line 467, in process_item
    raise Exception(""未找到对应的SVID/PID"")
Exception: 未找到对应的SVID/PID
)"
1945,121.446879672,31.206793628,"未找到对应的SVID/PID (Traceback (most recent call last):
  File ""/media/qiu/Date/baidu/baiduStreetViewSpider2.py"", line 467, in process_item
    raise Exception(""未找到对应的SVID/PID"")
Exception: 未找到对应的SVID/PID
)"
1969,121.449256451,31.2068702659,"未找到对应的SVID/PID (Traceback (most recent call last):
  File ""/media/qiu/Date/baidu/baiduStreetViewSpider2.py"", line 467, in process_item
    raise Exception(""未找到对应的SVID/PID"")
Exception: 未找到对应的SVID/PID
)"
1970,121.449256451,31.2068702659,"未找到对应的SVID/PID (Traceback (most recent call last):
  File ""/media/qiu/Date/baidu/baiduStreetViewSpider2.py"", line 467, in process_item
    raise Exception(""未找到对应的SVID/PID"")
Exception: 未找到对应的SVID/PID
)"
1971,121.449256451,31.2068702659,"未找到对应的SVID/PID (Traceback (most recent call last):
  File ""/media/qiu/Date/baidu/baiduStreetViewSpider2.py"", line 467, in process_item
    raise Exception(""未找到对应的SVID/PID"")
Exception: 未找到对应的SVID/PID
)"
2026,121.447083689,31.2070123967,"未找到对应的SVID/PID (Traceback (most recent call last):
  File ""/media/qiu/Date/baidu/baiduStreetViewSpider2.py"", line 467, in process_item
    raise Exception(""未找到对应的SVID/PID"")
Exception: 未找到对应的SVID/PID
)"
2027,121.447083689,31.2070123967,"未找到对应的SVID/PID (Traceback (most recent call last):
  File ""/media/qiu/Date/baidu/baiduStreetViewSpider2.py"", line 467, in process_item
    raise Exception(""未找到对应的SVID/PID"")
Exception: 未找到对应的SVID/PID
)"
2028,121.447083689,31.2070123967,"未找到对应的SVID/PID (Traceback (most recent call last):
  File ""/media/qiu/Date/baidu/baiduStreetViewSpider2.py"", line 467, in process_item
    raise Exception(""未找到对应的SVID/PID"")
Exception: 未找到对应的SVID/PID
)"
2031,121.449274933,31.2070201194,"未找到对应的SVID/PID (Traceback (most recent call last):
  File ""/media/qiu/Date/baidu/baiduStreetViewSpider2.py"", line 467, in process_item
    raise Exception(""未找到对应的SVID/PID"")
Exception: 未找到对应的SVID/PID
)"
2100,121.449031806,31.2072692273,"未找到对应的SVID/PID (Traceback (most recent call last):
  File ""/media/qiu/Date/baidu/baiduStreetViewSpider2.py"", line 467, in process_item
    raise Exception(""未找到对应的SVID/PID"")
Exception: 未找到对应的SVID/PID
)"
2153,121.449315463,31.2074498919,"未找到对应的SVID/PID (Traceback (most recent call last):
  File ""/media/qiu/Date/baidu/baiduStreetViewSpider2.py"", line 467, in process_item
    raise Exception(""未找到对应的SVID/PID"")
Exception: 未找到对应的SVID/PID
)"
2162,121.452784833,31.2074651261,"未找到对应的SVID/PID (Traceback (most recent call last):
  File ""/media/qiu/Date/baidu/baiduStreetViewSpider2.py"", line 467, in process_item
    raise Exception(""未找到对应的SVID/PID"")
Exception: 未找到对应的SVID/PID
)"
2163,121.452784833,31.2074651261,"未找到对应的SVID/PID (Traceback (most recent call last):
  File ""/media/qiu/Date/baidu/baiduStreetViewSpider2.py"", line 467, in process_item
    raise Exception(""未找到对应的SVID/PID"")
Exception: 未找到对应的SVID/PID
)"
2164,121.452784833,31.2074651261,"未找到对应的SVID/PID (Traceback (most recent call last):
  File ""/media/qiu/Date/baidu/baiduStreetViewSpider2.py"", line 467, in process_item
    raise Exception(""未找到对应的SVID/PID"")
Exception: 未找到对应的SVID/PID
)"
2165,121.438650947,31.2074658201,"未找到对应的SVID/PID (Traceback (most recent call last):
  File ""/media/qiu/Date/baidu/baiduStreetViewSpider2.py"", line 467, in process_item
    raise Exception(""未找到对应的SVID/PID"")
Exception: 未找到对应的SVID/PID
)"
2203,121.449148822,31.2075933375,"未找到对应的SVID/PID (Traceback (most recent call last):
  File ""/media/qiu/Date/baidu/baiduStreetViewSpider2.py"", line 467, in process_item
    raise Exception(""未找到对应的SVID/PID"")
Exception: 未找到对应的SVID/PID
)"
2214,121.452720271,31.2076117321,"未找到对应的SVID/PID (Traceback (most recent call last):
  File ""/media/qiu/Date/baidu/baiduStreetViewSpider2.py"", line 467, in process_item
    raise Exception(""未找到对应的SVID/PID"")
Exception: 未找到对应的SVID/PID
)"
2215,121.452720271,31.2076117321,"未找到对应的SVID/PID (Traceback (most recent call last):
  File ""/media/qiu/Date/baidu/baiduStreetViewSpider2.py"", line 467, in process_item
    raise Exception(""未找到对应的SVID/PID"")
Exception: 未找到对应的SVID/PID
)"
2216,121.452720271,31.2076117321,"未找到对应的SVID/PID (Traceback (most recent call last):
  File ""/media/qiu/Date/baidu/baiduStreetViewSpider2.py"", line 467, in process_item
    raise Exception(""未找到对应的SVID/PID"")
Exception: 未找到对应的SVID/PID
)"
2217,121.445018632,31.2076135137,"未找到对应的SVID/PID (Traceback (most recent call last):
  File ""/media/qiu/Date/baidu/baiduStreetViewSpider2.py"", line 467, in process_item
    raise Exception(""未找到对应的SVID/PID"")
Exception: 未找到对应的SVID/PID
)"
2218,121.445018632,31.2076135137,"未找到对应的SVID/PID (Traceback (most recent call last):
  File ""/media/qiu/Date/baidu/baiduStreetViewSpider2.py"", line 467, in process_item
    raise Exception(""未找到对应的SVID/PID"")
Exception: 未找到对应的SVID/PID
)"
2219,121.445018632,31.2076135137,"未找到对应的SVID/PID (Traceback (most recent call last):
  File ""/media/qiu/Date/baidu/baiduStreetViewSpider2.py"", line 467, in process_item
    raise Exception(""未找到对应的SVID/PID"")
Exception: 未找到对应的SVID/PID
)"
2220,121.445018632,31.2076135137,"未找到对应的SVID/PID (Traceback (most recent call last):
  File ""/media/qiu/Date/baidu/baiduStreetViewSpider2.py"", line 467, in process_item
    raise Exception(""未找到对应的SVID/PID"")
Exception: 未找到对应的SVID/PID
)"
2221,121.452836038,31.2076179646,"未找到对应的SVID/PID (Traceback (most recent call last):
  File ""/media/qiu/Date/baidu/baiduStreetViewSpider2.py"", line 467, in process_item
    raise Exception(""未找到对应的SVID/PID"")
Exception: 未找到对应的SVID/PID
)"
2272,121.452655709,31.207758338,"未找到对应的SVID/PID (Traceback (most recent call last):
  File ""/media/qiu/Date/baidu/baiduStreetViewSpider2.py"", line 467, in process_item
    raise Exception(""未找到对应的SVID/PID"")
Exception: 未找到对应的SVID/PID
)"
2273,121.452655709,31.207758338,"未找到对应的SVID/PID (Traceback (most recent call last):
  File ""/media/qiu/Date/baidu/baiduStreetViewSpider2.py"", line 467, in process_item
    raise Exception(""未找到对应的SVID/PID"")
Exception: 未找到对应的SVID/PID
)"
2274,121.452655709,31.207758338,"未找到对应的SVID/PID (Traceback (most recent call last):
  File ""/media/qiu/Date/baidu/baiduStreetViewSpider2.py"", line 467, in process_item
    raise Exception(""未找到对应的SVID/PID"")
Exception: 未找到对应的SVID/PID
)"
2275,121.444911072,31.20776005,"未找到对应的SVID/PID (Traceback (most recent call last):
  File ""/media/qiu/Date/baidu/baiduStreetViewSpider2.py"", line 467, in process_item
    raise Exception(""未找到对应的SVID/PID"")
Exception: 未找到对应的SVID/PID
)"
2276,121.444911072,31.20776005,"未找到对应的SVID/PID (Traceback (most recent call last):
  File ""/media/qiu/Date/baidu/baiduStreetViewSpider2.py"", line 467, in process_item
    raise Exception(""未找到对应的SVID/PID"")
Exception: 未找到对应的SVID/PID
)"
2277,121.444911072,31.20776005,"未找到对应的SVID/PID (Traceback (most recent call last):
  File ""/media/qiu/Date/baidu/baiduStreetViewSpider2.py"", line 467, in process_item
    raise Exception(""未找到对应的SVID/PID"")
Exception: 未找到对应的SVID/PID
)"
2278,121.445018619,31.2077602667,"未找到对应的SVID/PID (Traceback (most recent call last):
  File ""/media/qiu/Date/baidu/baiduStreetViewSpider2.py"", line 467, in process_item
    raise Exception(""未找到对应的SVID/PID"")
Exception: 未找到对应的SVID/PID
)"
2279,121.445018619,31.2077602667,"未找到对应的SVID/PID (Traceback (most recent call last):
  File ""/media/qiu/Date/baidu/baiduStreetViewSpider2.py"", line 467, in process_item
    raise Exception(""未找到对应的SVID/PID"")
Exception: 未找到对应的SVID/PID
)"
2280,121.445018619,31.2077602667,"未找到对应的SVID/PID (Traceback (most recent call last):
  File ""/media/qiu/Date/baidu/baiduStreetViewSpider2.py"", line 467, in process_item
    raise Exception(""未找到对应的SVID/PID"")
Exception: 未找到对应的SVID/PID
)"
2282,121.445298243,31.2077791763,"未找到对应的SVID/PID (Traceback (most recent call last):
  File ""/media/qiu/Date/baidu/baiduStreetViewSpider2.py"", line 467, in process_item
    raise Exception(""未找到对应的SVID/PID"")
Exception: 未找到对应的SVID/PID
)"
2283,121.445298243,31.2077791763,"未找到对应的SVID/PID (Traceback (most recent call last):
  File ""/media/qiu/Date/baidu/baiduStreetViewSpider2.py"", line 467, in process_item
    raise Exception(""未找到对应的SVID/PID"")
Exception: 未找到对应的SVID/PID
)"
2284,121.445298243,31.2077791763,"未找到对应的SVID/PID (Traceback (most recent call last):
  File ""/media/qiu/Date/baidu/baiduStreetViewSpider2.py"", line 467, in process_item
    raise Exception(""未找到对应的SVID/PID"")
Exception: 未找到对应的SVID/PID
)"
2321,121.454194424,31.2078732072,"未找到对应的SVID/PID (Traceback (most recent call last):
  File ""/media/qiu/Date/baidu/baiduStreetViewSpider2.py"", line 467, in process_item
    raise Exception(""未找到对应的SVID/PID"")
Exception: 未找到对应的SVID/PID
)"
2326,121.444686616,31.2078862249,"未找到对应的SVID/PID (Traceback (most recent call last):
  File ""/media/qiu/Date/baidu/baiduStreetViewSpider2.py"", line 467, in process_item
    raise Exception(""未找到对应的SVID/PID"")
Exception: 未找到对应的SVID/PID
)"
2328,121.444911061,31.2078884587,"未找到对应的SVID/PID (Traceback (most recent call last):
  File ""/media/qiu/Date/baidu/baiduStreetViewSpider2.py"", line 467, in process_item
    raise Exception(""未找到对应的SVID/PID"")
Exception: 未找到对应的SVID/PID
)"
2329,121.444911061,31.2078884587,"未找到对应的SVID/PID (Traceback (most recent call last):
  File ""/media/qiu/Date/baidu/baiduStreetViewSpider2.py"", line 467, in process_item
    raise Exception(""未找到对应的SVID/PID"")
Exception: 未找到对应的SVID/PID
)"
2327,121.444911061,31.2078884587,"未找到对应的SVID/PID (Traceback (most recent call last):
  File ""/media/qiu/Date/baidu/baiduStreetViewSpider2.py"", line 467, in process_item
    raise Exception(""未找到对应的SVID/PID"")
Exception: 未找到对应的SVID/PID
)"
2331,121.438545165,31.2078947369,"未找到对应的SVID/PID (Traceback (most recent call last):
  File ""/media/qiu/Date/baidu/baiduStreetViewSpider2.py"", line 467, in process_item
    raise Exception(""未找到对应的SVID/PID"")
Exception: 未找到对应的SVID/PID
)"
2332,121.438545165,31.2078947369,"未找到对应的SVID/PID (Traceback (most recent call last):
  File ""/media/qiu/Date/baidu/baiduStreetViewSpider2.py"", line 467, in process_item
    raise Exception(""未找到对应的SVID/PID"")
Exception: 未找到对应的SVID/PID
)"
2330,121.444911061,31.2078884587,"未找到对应的SVID/PID (Traceback (most recent call last):
  File ""/media/qiu/Date/baidu/baiduStreetViewSpider2.py"", line 467, in process_item
    raise Exception(""未找到对应的SVID/PID"")
Exception: 未找到对应的SVID/PID
)"
2333,121.438545165,31.2078947369,"未找到对应的SVID/PID (Traceback (most recent call last):
  File ""/media/qiu/Date/baidu/baiduStreetViewSpider2.py"", line 467, in process_item
    raise Exception(""未找到对应的SVID/PID"")
Exception: 未找到对应的SVID/PID
)"
2335,121.445298232,31.2079075849,"未找到对应的SVID/PID (Traceback (most recent call last):
  File ""/media/qiu/Date/baidu/baiduStreetViewSpider2.py"", line 467, in process_item
    raise Exception(""未找到对应的SVID/PID"")
Exception: 未找到对应的SVID/PID
)"
2336,121.445298232,31.2079075849,"未找到对应的SVID/PID (Traceback (most recent call last):
  File ""/media/qiu/Date/baidu/baiduStreetViewSpider2.py"", line 467, in process_item
    raise Exception(""未找到对应的SVID/PID"")
Exception: 未找到对应的SVID/PID
)"
2337,121.445298232,31.2079075849,"未找到对应的SVID/PID (Traceback (most recent call last):
  File ""/media/qiu/Date/baidu/baiduStreetViewSpider2.py"", line 467, in process_item
    raise Exception(""未找到对应的SVID/PID"")
Exception: 未找到对应的SVID/PID
)"
2338,121.445298232,31.2079075849,"未找到对应的SVID/PID (Traceback (most recent call last):
  File ""/media/qiu/Date/baidu/baiduStreetViewSpider2.py"", line 467, in process_item
    raise Exception(""未找到对应的SVID/PID"")
Exception: 未找到对应的SVID/PID
)"
2347,121.445821091,31.2079458111,"未找到对应的SVID/PID (Traceback (most recent call last):
  File ""/media/qiu/Date/baidu/baiduStreetViewSpider2.py"", line 467, in process_item
    raise Exception(""未找到对应的SVID/PID"")
Exception: 未找到对应的SVID/PID
)"
2361,121.438349623,31.2079718756,"未找到对应的SVID/PID (Traceback (most recent call last):
  File ""/media/qiu/Date/baidu/baiduStreetViewSpider2.py"", line 467, in process_item
    raise Exception(""未找到对应的SVID/PID"")
Exception: 未找到对应的SVID/PID
)"
2374,121.45259114,31.2079966643,"未找到对应的SVID/PID (Traceback (most recent call last):
  File ""/media/qiu/Date/baidu/baiduStreetViewSpider2.py"", line 467, in process_item
    raise Exception(""未找到对应的SVID/PID"")
Exception: 未找到对应的SVID/PID
)"
2375,121.45259114,31.2079966643,"未找到对应的SVID/PID (Traceback (most recent call last):
  File ""/media/qiu/Date/baidu/baiduStreetViewSpider2.py"", line 467, in process_item
    raise Exception(""未找到对应的SVID/PID"")
Exception: 未找到对应的SVID/PID
)"
2373,121.45259114,31.2079966643,"未找到对应的SVID/PID (Traceback (most recent call last):
  File ""/media/qiu/Date/baidu/baiduStreetViewSpider2.py"", line 467, in process_item
    raise Exception(""未找到对应的SVID/PID"")
Exception: 未找到对应的SVID/PID
)"
2381,121.438480645,31.2080046904,"未找到对应的SVID/PID (Traceback (most recent call last):
  File ""/media/qiu/Date/baidu/baiduStreetViewSpider2.py"", line 467, in process_item
    raise Exception(""未找到对应的SVID/PID"")
Exception: 未找到对应的SVID/PID
)"
2382,121.438480645,31.2080046904,"未找到对应的SVID/PID (Traceback (most recent call last):
  File ""/media/qiu/Date/baidu/baiduStreetViewSpider2.py"", line 467, in process_item
    raise Exception(""未找到对应的SVID/PID"")
Exception: 未找到对应的SVID/PID
)"
2383,121.438480645,31.2080046904,"未找到对应的SVID/PID (Traceback (most recent call last):
  File ""/media/qiu/Date/baidu/baiduStreetViewSpider2.py"", line 467, in process_item
    raise Exception(""未找到对应的SVID/PID"")
Exception: 未找到对应的SVID/PID
)"
2396,121.444666062,31.2080337702,"未找到对应的SVID/PID (Traceback (most recent call last):
  File ""/media/qiu/Date/baidu/baiduStreetViewSpider2.py"", line 467, in process_item
    raise Exception(""未找到对应的SVID/PID"")
Exception: 未找到对应的SVID/PID
)"
2397,121.444911048,31.2080352113,"未找到对应的SVID/PID (Traceback (most recent call last):
  File ""/media/qiu/Date/baidu/baiduStreetViewSpider2.py"", line 467, in process_item
    raise Exception(""未找到对应的SVID/PID"")
Exception: 未找到对应的SVID/PID
)"
2398,121.444911048,31.2080352113,"未找到对应的SVID/PID (Traceback (most recent call last):
  File ""/media/qiu/Date/baidu/baiduStreetViewSpider2.py"", line 467, in process_item
    raise Exception(""未找到对应的SVID/PID"")
Exception: 未找到对应的SVID/PID
)"
2399,121.444911048,31.2080352113,"未找到对应的SVID/PID (Traceback (most recent call last):
  File ""/media/qiu/Date/baidu/baiduStreetViewSpider2.py"", line 467, in process_item
    raise Exception(""未找到对应的SVID/PID"")
Exception: 未找到对应的SVID/PID
)"
2400,121.444911048,31.2080352113,"未找到对应的SVID/PID (Traceback (most recent call last):
  File ""/media/qiu/Date/baidu/baiduStreetViewSpider2.py"", line 467, in process_item
    raise Exception(""未找到对应的SVID/PID"")
Exception: 未找到对应的SVID/PID
)"
2410,121.44527671,31.2080542939,"未找到对应的SVID/PID (Traceback (most recent call last):
  File ""/media/qiu/Date/baidu/baiduStreetViewSpider2.py"", line 467, in process_item
    raise Exception(""未找到对应的SVID/PID"")
Exception: 未找到对应的SVID/PID
)"
2412,121.44527671,31.2080542939,"未找到对应的SVID/PID (Traceback (most recent call last):
  File ""/media/qiu/Date/baidu/baiduStreetViewSpider2.py"", line 467, in process_item
    raise Exception(""未找到对应的SVID/PID"")
Exception: 未找到对应的SVID/PID
)"
2411,121.44527671,31.2080542939,"未找到对应的SVID/PID (Traceback (most recent call last):
  File ""/media/qiu/Date/baidu/baiduStreetViewSpider2.py"", line 467, in process_item
    raise Exception(""未找到对应的SVID/PID"")
Exception: 未找到对应的SVID/PID
)"
2440,121.452268386,31.2081610285,"未找到对应的SVID/PID (Traceback (most recent call last):
  File ""/media/qiu/Date/baidu/baiduStreetViewSpider2.py"", line 467, in process_item
    raise Exception(""未找到对应的SVID/PID"")
Exception: 未找到对应的SVID/PID
)"
2441,121.452268386,31.2081610285,"未找到对应的SVID/PID (Traceback (most recent call last):
  File ""/media/qiu/Date/baidu/baiduStreetViewSpider2.py"", line 467, in process_item
    raise Exception(""未找到对应的SVID/PID"")
Exception: 未找到对应的SVID/PID
)"
2442,121.452268386,31.2081610285,"未找到对应的SVID/PID (Traceback (most recent call last):
  File ""/media/qiu/Date/baidu/baiduStreetViewSpider2.py"", line 467, in process_item
    raise Exception(""未找到对应的SVID/PID"")
Exception: 未找到对应的SVID/PID
)"
2444,121.444664446,31.208164535,"未找到对应的SVID/PID (Traceback (most recent call last):
  File ""/media/qiu/Date/baidu/baiduStreetViewSpider2.py"", line 467, in process_item
    raise Exception(""未找到对应的SVID/PID"")
Exception: 未找到对应的SVID/PID
)"
2443,121.452268386,31.2081610285,"未找到对应的SVID/PID (Traceback (most recent call last):
  File ""/media/qiu/Date/baidu/baiduStreetViewSpider2.py"", line 467, in process_item
    raise Exception(""未找到对应的SVID/PID"")
Exception: 未找到对应的SVID/PID
)"
2450,121.444889526,31.2081819204,"未找到对应的SVID/PID (Traceback (most recent call last):
  File ""/media/qiu/Date/baidu/baiduStreetViewSpider2.py"", line 467, in process_item
    raise Exception(""未找到对应的SVID/PID"")
Exception: 未找到对应的SVID/PID
)"
2451,121.444889526,31.2081819204,"未找到对应的SVID/PID (Traceback (most recent call last):
  File ""/media/qiu/Date/baidu/baiduStreetViewSpider2.py"", line 467, in process_item
    raise Exception(""未找到对应的SVID/PID"")
Exception: 未找到对应的SVID/PID
)"
2452,121.444889526,31.2081819204,"未找到对应的SVID/PID (Traceback (most recent call last):
  File ""/media/qiu/Date/baidu/baiduStreetViewSpider2.py"", line 467, in process_item
    raise Exception(""未找到对应的SVID/PID"")
Exception: 未找到对应的SVID/PID
)"
2453,121.444889526,31.2081819204,"未找到对应的SVID/PID (Traceback (most recent call last):
  File ""/media/qiu/Date/baidu/baiduStreetViewSpider2.py"", line 467, in process_item
    raise Exception(""未找到对应的SVID/PID"")
Exception: 未找到对应的SVID/PID
)"
2460,121.452569607,31.2081984,"未找到对应的SVID/PID (Traceback (most recent call last):
  File ""/media/qiu/Date/baidu/baiduStreetViewSpider2.py"", line 467, in process_item
    raise Exception(""未找到对应的SVID/PID"")
Exception: 未找到对应的SVID/PID
)"
2462,121.452569607,31.2081984,"未找到对应的SVID/PID (Traceback (most recent call last):
  File ""/media/qiu/Date/baidu/baiduStreetViewSpider2.py"", line 467, in process_item
    raise Exception(""未找到对应的SVID/PID"")
Exception: 未找到对应的SVID/PID
)"
2461,121.452569607,31.2081984,"未找到对应的SVID/PID (Traceback (most recent call last):
  File ""/media/qiu/Date/baidu/baiduStreetViewSpider2.py"", line 467, in process_item
    raise Exception(""未找到对应的SVID/PID"")
Exception: 未找到对应的SVID/PID
)"
2464,121.445276697,31.2082010463,"未找到对应的SVID/PID (Traceback (most recent call last):
  File ""/media/qiu/Date/baidu/baiduStreetViewSpider2.py"", line 467, in process_item
    raise Exception(""未找到对应的SVID/PID"")
Exception: 未找到对应的SVID/PID
)"
2463,121.445276697,31.2082010463,"未找到对应的SVID/PID (Traceback (most recent call last):
  File ""/media/qiu/Date/baidu/baiduStreetViewSpider2.py"", line 467, in process_item
    raise Exception(""未找到对应的SVID/PID"")
Exception: 未找到对应的SVID/PID
)"
2465,121.445276697,31.2082010463,"未找到对应的SVID/PID (Traceback (most recent call last):
  File ""/media/qiu/Date/baidu/baiduStreetViewSpider2.py"", line 467, in process_item
    raise Exception(""未找到对应的SVID/PID"")
Exception: 未找到对应的SVID/PID
)"
2466,121.445276697,31.2082010463,"未找到对应的SVID/PID (Traceback (most recent call last):
  File ""/media/qiu/Date/baidu/baiduStreetViewSpider2.py"", line 467, in process_item
    raise Exception(""未找到对应的SVID/PID"")
Exception: 未找到对应的SVID/PID
)"
2477,121.445528196,31.2082194334,"未找到对应的SVID/PID (Traceback (most recent call last):
  File ""/media/qiu/Date/baidu/baiduStreetViewSpider2.py"", line 467, in process_item
    raise Exception(""未找到对应的SVID/PID"")
Exception: 未找到对应的SVID/PID
)"
2481,121.45181655,31.2082333849,"未找到对应的SVID/PID (Traceback (most recent call last):
  File ""/media/qiu/Date/baidu/baiduStreetViewSpider2.py"", line 467, in process_item
    raise Exception(""未找到对应的SVID/PID"")
Exception: 未找到对应的SVID/PID
)"
2482,121.45181655,31.2082333849,"未找到对应的SVID/PID (Traceback (most recent call last):
  File ""/media/qiu/Date/baidu/baiduStreetViewSpider2.py"", line 467, in process_item
    raise Exception(""未找到对应的SVID/PID"")
Exception: 未找到对应的SVID/PID
)"
2483,121.45181655,31.2082333849,"未找到对应的SVID/PID (Traceback (most recent call last):
  File ""/media/qiu/Date/baidu/baiduStreetViewSpider2.py"", line 467, in process_item
    raise Exception(""未找到对应的SVID/PID"")
Exception: 未找到对应的SVID/PID
)"
2484,121.45181655,31.2082333849,"未找到对应的SVID/PID (Traceback (most recent call last):
  File ""/media/qiu/Date/baidu/baiduStreetViewSpider2.py"", line 467, in process_item
    raise Exception(""未找到对应的SVID/PID"")
Exception: 未找到对应的SVID/PID
)"
2487,121.454628547,31.2082442888,"未找到对应的SVID/PID (Traceback (most recent call last):
  File ""/media/qiu/Date/baidu/baiduStreetViewSpider2.py"", line 467, in process_item
    raise Exception(""未找到对应的SVID/PID"")
Exception: 未找到对应的SVID/PID
)"
2489,121.446051056,31.2082576583,"未找到对应的SVID/PID (Traceback (most recent call last):
  File ""/media/qiu/Date/baidu/baiduStreetViewSpider2.py"", line 467, in process_item
    raise Exception(""未找到对应的SVID/PID"")
Exception: 未找到对应的SVID/PID
)"
2491,121.446051056,31.2082576583,"未找到对应的SVID/PID (Traceback (most recent call last):
  File ""/media/qiu/Date/baidu/baiduStreetViewSpider2.py"", line 467, in process_item
    raise Exception(""未找到对应的SVID/PID"")
Exception: 未找到对应的SVID/PID
)"
2490,121.446051056,31.2082576583,"未找到对应的SVID/PID (Traceback (most recent call last):
  File ""/media/qiu/Date/baidu/baiduStreetViewSpider2.py"", line 467, in process_item
    raise Exception(""未找到对应的SVID/PID"")
Exception: 未找到对应的SVID/PID
)"
2508,121.441804143,31.2083037143,"未找到对应的SVID/PID (Traceback (most recent call last):
  File ""/media/qiu/Date/baidu/baiduStreetViewSpider2.py"", line 467, in process_item
    raise Exception(""未找到对应的SVID/PID"")
Exception: 未找到对应的SVID/PID
)"
2511,121.444669928,31.208308619,"未找到对应的SVID/PID (Traceback (most recent call last):
  File ""/media/qiu/Date/baidu/baiduStreetViewSpider2.py"", line 467, in process_item
    raise Exception(""未找到对应的SVID/PID"")
Exception: 未找到对应的SVID/PID
)"
2521,121.444889513,31.2083286726,"未找到对应的SVID/PID (Traceback (most recent call last):
  File ""/media/qiu/Date/baidu/baiduStreetViewSpider2.py"", line 467, in process_item
    raise Exception(""未找到对应的SVID/PID"")
Exception: 未找到对应的SVID/PID
)"
2522,121.444889513,31.2083286726,"未找到对应的SVID/PID (Traceback (most recent call last):
  File ""/media/qiu/Date/baidu/baiduStreetViewSpider2.py"", line 467, in process_item
    raise Exception(""未找到对应的SVID/PID"")
Exception: 未找到对应的SVID/PID
)"
2523,121.444889513,31.2083286726,"未找到对应的SVID/PID (Traceback (most recent call last):
  File ""/media/qiu/Date/baidu/baiduStreetViewSpider2.py"", line 467, in process_item
    raise Exception(""未找到对应的SVID/PID"")
Exception: 未找到对应的SVID/PID
)"
2524,121.444889513,31.2083286726,"未找到对应的SVID/PID (Traceback (most recent call last):
  File ""/media/qiu/Date/baidu/baiduStreetViewSpider2.py"", line 467, in process_item
    raise Exception(""未找到对应的SVID/PID"")
Exception: 未找到对应的SVID/PID
)"
2526,121.452225338,31.2083443713,"未找到对应的SVID/PID (Traceback (most recent call last):
  File ""/media/qiu/Date/baidu/baiduStreetViewSpider2.py"", line 467, in process_item
    raise Exception(""未找到对应的SVID/PID"")
Exception: 未找到对应的SVID/PID
)"
2527,121.452225338,31.2083443713,"未找到对应的SVID/PID (Traceback (most recent call last):
  File ""/media/qiu/Date/baidu/baiduStreetViewSpider2.py"", line 467, in process_item
    raise Exception(""未找到对应的SVID/PID"")
Exception: 未找到对应的SVID/PID
)"
2528,121.452225338,31.2083443713,"未找到对应的SVID/PID (Traceback (most recent call last):
  File ""/media/qiu/Date/baidu/baiduStreetViewSpider2.py"", line 467, in process_item
    raise Exception(""未找到对应的SVID/PID"")
Exception: 未找到对应的SVID/PID
)"
2530,121.445255175,31.2083477549,"未找到对应的SVID/PID (Traceback (most recent call last):
  File ""/media/qiu/Date/baidu/baiduStreetViewSpider2.py"", line 467, in process_item
    raise Exception(""未找到对应的SVID/PID"")
Exception: 未找到对应的SVID/PID
)"
2531,121.445255175,31.2083477549,"未找到对应的SVID/PID (Traceback (most recent call last):
  File ""/media/qiu/Date/baidu/baiduStreetViewSpider2.py"", line 467, in process_item
    raise Exception(""未找到对应的SVID/PID"")
Exception: 未找到对应的SVID/PID
)"
2532,121.445255175,31.2083477549,"未找到对应的SVID/PID (Traceback (most recent call last):
  File ""/media/qiu/Date/baidu/baiduStreetViewSpider2.py"", line 467, in process_item
    raise Exception(""未找到对应的SVID/PID"")
Exception: 未找到对应的SVID/PID
)"
2538,121.451597889,31.2083778521,"未找到对应的SVID/PID (Traceback (most recent call last):
  File ""/media/qiu/Date/baidu/baiduStreetViewSpider2.py"", line 467, in process_item
    raise Exception(""未找到对应的SVID/PID"")
Exception: 未找到对应的SVID/PID
)"
2537,121.452733954,31.2083610106,"未找到对应的SVID/PID (Traceback (most recent call last):
  File ""/media/qiu/Date/baidu/baiduStreetViewSpider2.py"", line 467, in process_item
    raise Exception(""未找到对应的SVID/PID"")
Exception: 未找到对应的SVID/PID
)"
2551,121.451751988,31.2084166799,"未找到对应的SVID/PID (Traceback (most recent call last):
  File ""/media/qiu/Date/baidu/baiduStreetViewSpider2.py"", line 467, in process_item
    raise Exception(""未找到对应的SVID/PID"")
Exception: 未找到对应的SVID/PID
)"
2552,121.451751988,31.2084166799,"未找到对应的SVID/PID (Traceback (most recent call last):
  File ""/media/qiu/Date/baidu/baiduStreetViewSpider2.py"", line 467, in process_item
    raise Exception(""未找到对应的SVID/PID"")
Exception: 未找到对应的SVID/PID
)"
2553,121.451751988,31.2084166799,"未找到对应的SVID/PID (Traceback (most recent call last):
  File ""/media/qiu/Date/baidu/baiduStreetViewSpider2.py"", line 467, in process_item
    raise Exception(""未找到对应的SVID/PID"")
Exception: 未找到对应的SVID/PID
)"
2557,121.454247899,31.2084242834,"未找到对应的SVID/PID (Traceback (most recent call last):
  File ""/media/qiu/Date/baidu/baiduStreetViewSpider2.py"", line 467, in process_item
    raise Exception(""未找到对应的SVID/PID"")
Exception: 未找到对应的SVID/PID
)"
2559,121.452188608,31.2084486482,"未找到对应的SVID/PID (Traceback (most recent call last):
  File ""/media/qiu/Date/baidu/baiduStreetViewSpider2.py"", line 467, in process_item
    raise Exception(""未找到对应的SVID/PID"")
Exception: 未找到对应的SVID/PID
)"
2562,121.452353071,31.2084545324,"未找到对应的SVID/PID (Traceback (most recent call last):
  File ""/media/qiu/Date/baidu/baiduStreetViewSpider2.py"", line 467, in process_item
    raise Exception(""未找到对应的SVID/PID"")
Exception: 未找到对应的SVID/PID
)"
2563,121.444867993,31.2084570373,"未找到对应的SVID/PID (Traceback (most recent call last):
  File ""/media/qiu/Date/baidu/baiduStreetViewSpider2.py"", line 467, in process_item
    raise Exception(""未找到对应的SVID/PID"")
Exception: 未找到对应的SVID/PID
)"
2564,121.444867993,31.2084570373,"未找到对应的SVID/PID (Traceback (most recent call last):
  File ""/media/qiu/Date/baidu/baiduStreetViewSpider2.py"", line 467, in process_item
    raise Exception(""未找到对应的SVID/PID"")
Exception: 未找到对应的SVID/PID
)"
2565,121.444867993,31.2084570373,"未找到对应的SVID/PID (Traceback (most recent call last):
  File ""/media/qiu/Date/baidu/baiduStreetViewSpider2.py"", line 467, in process_item
    raise Exception(""未找到对应的SVID/PID"")
Exception: 未找到对应的SVID/PID
)"
2566,121.444685292,31.2084570691,"未找到对应的SVID/PID (Traceback (most recent call last):
  File ""/media/qiu/Date/baidu/baiduStreetViewSpider2.py"", line 467, in process_item
    raise Exception(""未找到对应的SVID/PID"")
Exception: 未找到对应的SVID/PID
)"
2580,121.445150529,31.2085129755,"未找到对应的SVID/PID (Traceback (most recent call last):
  File ""/media/qiu/Date/baidu/baiduStreetViewSpider2.py"", line 467, in process_item
    raise Exception(""未找到对应的SVID/PID"")
Exception: 未找到对应的SVID/PID
)"
2581,121.445150529,31.2085129755,"未找到对应的SVID/PID (Traceback (most recent call last):
  File ""/media/qiu/Date/baidu/baiduStreetViewSpider2.py"", line 467, in process_item
    raise Exception(""未找到对应的SVID/PID"")
Exception: 未找到对应的SVID/PID
)"
2582,121.445150529,31.2085129755,"未找到对应的SVID/PID (Traceback (most recent call last):
  File ""/media/qiu/Date/baidu/baiduStreetViewSpider2.py"", line 467, in process_item
    raise Exception(""未找到对应的SVID/PID"")
Exception: 未找到对应的SVID/PID
)"
2583,121.442024727,31.2085135447,"未找到对应的SVID/PID (Traceback (most recent call last):
  File ""/media/qiu/Date/baidu/baiduStreetViewSpider2.py"", line 467, in process_item
    raise Exception(""未找到对应的SVID/PID"")
Exception: 未找到对应的SVID/PID
)"
2585,121.445318977,31.2085170241,"未找到对应的SVID/PID (Traceback (most recent call last):
  File ""/media/qiu/Date/baidu/baiduStreetViewSpider2.py"", line 467, in process_item
    raise Exception(""未找到对应的SVID/PID"")
Exception: 未找到对应的SVID/PID
)"
2586,121.445232637,31.2085205784,"未找到对应的SVID/PID (Traceback (most recent call last):
  File ""/media/qiu/Date/baidu/baiduStreetViewSpider2.py"", line 467, in process_item
    raise Exception(""未找到对应的SVID/PID"")
Exception: 未找到对应的SVID/PID
)"
2588,121.445232637,31.2085205784,"未找到对应的SVID/PID (Traceback (most recent call last):
  File ""/media/qiu/Date/baidu/baiduStreetViewSpider2.py"", line 467, in process_item
    raise Exception(""未找到对应的SVID/PID"")
Exception: 未找到对应的SVID/PID
)"
2587,121.445232637,31.2085205784,"未找到对应的SVID/PID (Traceback (most recent call last):
  File ""/media/qiu/Date/baidu/baiduStreetViewSpider2.py"", line 467, in process_item
    raise Exception(""未找到对应的SVID/PID"")
Exception: 未找到对应的SVID/PID
)"
2590,121.445276669,31.2085230943,"未找到对应的SVID/PID (Traceback (most recent call last):
  File ""/media/qiu/Date/baidu/baiduStreetViewSpider2.py"", line 467, in process_item
    raise Exception(""未找到对应的SVID/PID"")
Exception: 未找到对应的SVID/PID
)"
2591,121.445276669,31.2085230943,"未找到对应的SVID/PID (Traceback (most recent call last):
  File ""/media/qiu/Date/baidu/baiduStreetViewSpider2.py"", line 467, in process_item
    raise Exception(""未找到对应的SVID/PID"")
Exception: 未找到对应的SVID/PID
)"
2592,121.445276669,31.2085230943,"未找到对应的SVID/PID (Traceback (most recent call last):
  File ""/media/qiu/Date/baidu/baiduStreetViewSpider2.py"", line 467, in process_item
    raise Exception(""未找到对应的SVID/PID"")
Exception: 未找到对应的SVID/PID
)"
2593,121.445111704,31.2085235009,"未找到对应的SVID/PID (Traceback (most recent call last):
  File ""/media/qiu/Date/baidu/baiduStreetViewSpider2.py"", line 467, in process_item
    raise Exception(""未找到对应的SVID/PID"")
Exception: 未找到对应的SVID/PID
)"
2594,121.452563486,31.2085262937,"未找到对应的SVID/PID (Traceback (most recent call last):
  File ""/media/qiu/Date/baidu/baiduStreetViewSpider2.py"", line 467, in process_item
    raise Exception(""未找到对应的SVID/PID"")
Exception: 未找到对应的SVID/PID
)"
2597,121.445842862,31.2085429131,"未找到对应的SVID/PID (Traceback (most recent call last):
  File ""/media/qiu/Date/baidu/baiduStreetViewSpider2.py"", line 467, in process_item
    raise Exception(""未找到对应的SVID/PID"")
Exception: 未找到对应的SVID/PID
)"
2612,121.444761743,31.2085831658,"未找到对应的SVID/PID (Traceback (most recent call last):
  File ""/media/qiu/Date/baidu/baiduStreetViewSpider2.py"", line 467, in process_item
    raise Exception(""未找到对应的SVID/PID"")
Exception: 未找到对应的SVID/PID
)"
2626,121.445610955,31.208631885,"未找到对应的SVID/PID (Traceback (most recent call last):
  File ""/media/qiu/Date/baidu/baiduStreetViewSpider2.py"", line 467, in process_item
    raise Exception(""未找到对应的SVID/PID"")
Exception: 未找到对应的SVID/PID
)"
2635,121.45258436,31.2086594244,"未找到对应的SVID/PID (Traceback (most recent call last):
  File ""/media/qiu/Date/baidu/baiduStreetViewSpider2.py"", line 467, in process_item
    raise Exception(""未找到对应的SVID/PID"")
Exception: 未找到对应的SVID/PID
)"
2668,121.446108295,31.2087557127,"未找到对应的SVID/PID (Traceback (most recent call last):
  File ""/media/qiu/Date/baidu/baiduStreetViewSpider2.py"", line 467, in process_item
    raise Exception(""未找到对应的SVID/PID"")
Exception: 未找到对应的SVID/PID
)"
2675,121.4402788,31.2087766256,"未找到对应的SVID/PID (Traceback (most recent call last):
  File ""/media/qiu/Date/baidu/baiduStreetViewSpider2.py"", line 467, in process_item
    raise Exception(""未找到对应的SVID/PID"")
Exception: 未找到对应的SVID/PID
)"
2676,121.456634218,31.2087803637,"未找到对应的SVID/PID (Traceback (most recent call last):
  File ""/media/qiu/Date/baidu/baiduStreetViewSpider2.py"", line 467, in process_item
    raise Exception(""未找到对应的SVID/PID"")
Exception: 未找到对应的SVID/PID
)"
2677,121.456634218,31.2087803637,"未找到对应的SVID/PID (Traceback (most recent call last):
  File ""/media/qiu/Date/baidu/baiduStreetViewSpider2.py"", line 467, in process_item
    raise Exception(""未找到对应的SVID/PID"")
Exception: 未找到对应的SVID/PID
)"
2678,121.456634218,31.2087803637,"未找到对应的SVID/PID (Traceback (most recent call last):
  File ""/media/qiu/Date/baidu/baiduStreetViewSpider2.py"", line 467, in process_item
    raise Exception(""未找到对应的SVID/PID"")
Exception: 未找到对应的SVID/PID
)"
2688,121.44662848,31.2088078636,"未找到对应的SVID/PID (Traceback (most recent call last):
  File ""/media/qiu/Date/baidu/baiduStreetViewSpider2.py"", line 467, in process_item
    raise Exception(""未找到对应的SVID/PID"")
Exception: 未找到对应的SVID/PID
)"
2689,121.456205115,31.2088165063,"未找到对应的SVID/PID (Traceback (most recent call last):
  File ""/media/qiu/Date/baidu/baiduStreetViewSpider2.py"", line 467, in process_item
    raise Exception(""未找到对应的SVID/PID"")
Exception: 未找到对应的SVID/PID
)"
2690,121.441747151,31.2088208577,"未找到对应的SVID/PID (Traceback (most recent call last):
  File ""/media/qiu/Date/baidu/baiduStreetViewSpider2.py"", line 467, in process_item
    raise Exception(""未找到对应的SVID/PID"")
Exception: 未找到对应的SVID/PID
)"
2705,121.445921942,31.2088627445,"未找到对应的SVID/PID (Traceback (most recent call last):
  File ""/media/qiu/Date/baidu/baiduStreetViewSpider2.py"", line 467, in process_item
    raise Exception(""未找到对应的SVID/PID"")
Exception: 未找到对应的SVID/PID
)"
2706,121.445921942,31.2088627445,"未找到对应的SVID/PID (Traceback (most recent call last):
  File ""/media/qiu/Date/baidu/baiduStreetViewSpider2.py"", line 467, in process_item
    raise Exception(""未找到对应的SVID/PID"")
Exception: 未找到对应的SVID/PID
)"
2707,121.445921942,31.2088627445,"未找到对应的SVID/PID (Traceback (most recent call last):
  File ""/media/qiu/Date/baidu/baiduStreetViewSpider2.py"", line 467, in process_item
    raise Exception(""未找到对应的SVID/PID"")
Exception: 未找到对应的SVID/PID
)"
2712,121.446009713,31.2088686826,"未找到对应的SVID/PID (Traceback (most recent call last):
  File ""/media/qiu/Date/baidu/baiduStreetViewSpider2.py"", line 467, in process_item
    raise Exception(""未找到对应的SVID/PID"")
Exception: 未找到对应的SVID/PID
)"
2722,121.445706836,31.2088989923,"未找到对应的SVID/PID (Traceback (most recent call last):
  File ""/media/qiu/Date/baidu/baiduStreetViewSpider2.py"", line 467, in process_item
    raise Exception(""未找到对应的SVID/PID"")
Exception: 未找到对应的SVID/PID
)"
2724,121.445706836,31.2088989923,"未找到对应的SVID/PID (Traceback (most recent call last):
  File ""/media/qiu/Date/baidu/baiduStreetViewSpider2.py"", line 467, in process_item
    raise Exception(""未找到对应的SVID/PID"")
Exception: 未找到对应的SVID/PID
)"
2723,121.445706836,31.2088989923,"未找到对应的SVID/PID (Traceback (most recent call last):
  File ""/media/qiu/Date/baidu/baiduStreetViewSpider2.py"", line 467, in process_item
    raise Exception(""未找到对应的SVID/PID"")
Exception: 未找到对应的SVID/PID
)"
2738,121.44076398,31.2089473443,"未找到对应的SVID/PID (Traceback (most recent call last):
  File ""/media/qiu/Date/baidu/baiduStreetViewSpider2.py"", line 467, in process_item
    raise Exception(""未找到对应的SVID/PID"")
Exception: 未找到对应的SVID/PID
)"
2742,121.451569181,31.2089569019,"未找到对应的SVID/PID (Traceback (most recent call last):
  File ""/media/qiu/Date/baidu/baiduStreetViewSpider2.py"", line 467, in process_item
    raise Exception(""未找到对应的SVID/PID"")
Exception: 未找到对应的SVID/PID
)"
2747,121.45671179,31.2090125478,"未找到对应的SVID/PID (Traceback (most recent call last):
  File ""/media/qiu/Date/baidu/baiduStreetViewSpider2.py"", line 467, in process_item
    raise Exception(""未找到对应的SVID/PID"")
Exception: 未找到对应的SVID/PID
)"
2758,121.448545513,31.2090622813,"未找到对应的SVID/PID (Traceback (most recent call last):
  File ""/media/qiu/Date/baidu/baiduStreetViewSpider2.py"", line 467, in process_item
    raise Exception(""未找到对应的SVID/PID"")
Exception: 未找到对应的SVID/PID
)"
2759,121.448696921,31.2090703494,"未找到对应的SVID/PID (Traceback (most recent call last):
  File ""/media/qiu/Date/baidu/baiduStreetViewSpider2.py"", line 467, in process_item
    raise Exception(""未找到对应的SVID/PID"")
Exception: 未找到对应的SVID/PID
)"
2760,121.448696921,31.2090703494,"未找到对应的SVID/PID (Traceback (most recent call last):
  File ""/media/qiu/Date/baidu/baiduStreetViewSpider2.py"", line 467, in process_item
    raise Exception(""未找到对应的SVID/PID"")
Exception: 未找到对应的SVID/PID
)"
2767,121.442104635,31.209117295,"未找到对应的SVID/PID (Traceback (most recent call last):
  File ""/media/qiu/Date/baidu/baiduStreetViewSpider2.py"", line 467, in process_item
    raise Exception(""未找到对应的SVID/PID"")
Exception: 未找到对应的SVID/PID
)"
2778,121.446195877,31.2091636743,"未找到对应的SVID/PID (Traceback (most recent call last):
  File ""/media/qiu/Date/baidu/baiduStreetViewSpider2.py"", line 467, in process_item
    raise Exception(""未找到对应的SVID/PID"")
Exception: 未找到对应的SVID/PID
)"
2782,121.456499301,31.2091742546,"未找到对应的SVID/PID (Traceback (most recent call last):
  File ""/media/qiu/Date/baidu/baiduStreetViewSpider2.py"", line 467, in process_item
    raise Exception(""未找到对应的SVID/PID"")
Exception: 未找到对应的SVID/PID
)"
2783,121.456499301,31.2091742546,"未找到对应的SVID/PID (Traceback (most recent call last):
  File ""/media/qiu/Date/baidu/baiduStreetViewSpider2.py"", line 467, in process_item
    raise Exception(""未找到对应的SVID/PID"")
Exception: 未找到对应的SVID/PID
)"
2784,121.456499301,31.2091742546,"未找到对应的SVID/PID (Traceback (most recent call last):
  File ""/media/qiu/Date/baidu/baiduStreetViewSpider2.py"", line 467, in process_item
    raise Exception(""未找到对应的SVID/PID"")
Exception: 未找到对应的SVID/PID
)"
2785,121.456499301,31.2091742546,"未找到对应的SVID/PID (Traceback (most recent call last):
  File ""/media/qiu/Date/baidu/baiduStreetViewSpider2.py"", line 467, in process_item
    raise Exception(""未找到对应的SVID/PID"")
Exception: 未找到对应的SVID/PID
)"
2791,121.44261561,31.2092199688,"未找到对应的SVID/PID (Traceback (most recent call last):
  File ""/media/qiu/Date/baidu/baiduStreetViewSpider2.py"", line 467, in process_item
    raise Exception(""未找到对应的SVID/PID"")
Exception: 未找到对应的SVID/PID
)"
2800,121.441111905,31.2092585239,"未找到对应的SVID/PID (Traceback (most recent call last):
  File ""/media/qiu/Date/baidu/baiduStreetViewSpider2.py"", line 467, in process_item
    raise Exception(""未找到对应的SVID/PID"")
Exception: 未找到对应的SVID/PID
)"
2806,121.445804205,31.2092743759,"未找到对应的SVID/PID (Traceback (most recent call last):
  File ""/media/qiu/Date/baidu/baiduStreetViewSpider2.py"", line 467, in process_item
    raise Exception(""未找到对应的SVID/PID"")
Exception: 未找到对应的SVID/PID
)"
2809,121.442250755,31.209290628,"未找到对应的SVID/PID (Traceback (most recent call last):
  File ""/media/qiu/Date/baidu/baiduStreetViewSpider2.py"", line 467, in process_item
    raise Exception(""未找到对应的SVID/PID"")
Exception: 未找到对应的SVID/PID
)"
2815,121.456452569,31.2093106899,"未找到对应的SVID/PID (Traceback (most recent call last):
  File ""/media/qiu/Date/baidu/baiduStreetViewSpider2.py"", line 467, in process_item
    raise Exception(""未找到对应的SVID/PID"")
Exception: 未找到对应的SVID/PID
)"
2816,121.456452569,31.2093106899,"未找到对应的SVID/PID (Traceback (most recent call last):
  File ""/media/qiu/Date/baidu/baiduStreetViewSpider2.py"", line 467, in process_item
    raise Exception(""未找到对应的SVID/PID"")
Exception: 未找到对应的SVID/PID
)"
2817,121.456452569,31.2093106899,"未找到对应的SVID/PID (Traceback (most recent call last):
  File ""/media/qiu/Date/baidu/baiduStreetViewSpider2.py"", line 467, in process_item
    raise Exception(""未找到对应的SVID/PID"")
Exception: 未找到对应的SVID/PID
)"
2822,121.44899808,31.2093278112,"未找到对应的SVID/PID (Traceback (most recent call last):
  File ""/media/qiu/Date/baidu/baiduStreetViewSpider2.py"", line 467, in process_item
    raise Exception(""未找到对应的SVID/PID"")
Exception: 未找到对应的SVID/PID
)"
2823,121.44899808,31.2093278112,"未找到对应的SVID/PID (Traceback (most recent call last):
  File ""/media/qiu/Date/baidu/baiduStreetViewSpider2.py"", line 467, in process_item
    raise Exception(""未找到对应的SVID/PID"")
Exception: 未找到对应的SVID/PID
)"
2824,121.44899808,31.2093278112,"未找到对应的SVID/PID (Traceback (most recent call last):
  File ""/media/qiu/Date/baidu/baiduStreetViewSpider2.py"", line 467, in process_item
    raise Exception(""未找到对应的SVID/PID"")
Exception: 未找到对应的SVID/PID
)"
2830,121.456195564,31.2093400457,"未找到对应的SVID/PID (Traceback (most recent call last):
  File ""/media/qiu/Date/baidu/baiduStreetViewSpider2.py"", line 467, in process_item
    raise Exception(""未找到对应的SVID/PID"")
Exception: 未找到对应的SVID/PID
)"
2841,121.448266641,31.2093812747,"未找到对应的SVID/PID (Traceback (most recent call last):
  File ""/media/qiu/Date/baidu/baiduStreetViewSpider2.py"", line 467, in process_item
    raise Exception(""未找到对应的SVID/PID"")
Exception: 未找到对应的SVID/PID
)"
2842,121.448266641,31.2093812747,"未找到对应的SVID/PID (Traceback (most recent call last):
  File ""/media/qiu/Date/baidu/baiduStreetViewSpider2.py"", line 467, in process_item
    raise Exception(""未找到对应的SVID/PID"")
Exception: 未找到对应的SVID/PID
)"
2845,121.441890435,31.2093834904,"未找到对应的SVID/PID (Traceback (most recent call last):
  File ""/media/qiu/Date/baidu/baiduStreetViewSpider2.py"", line 467, in process_item
    raise Exception(""未找到对应的SVID/PID"")
Exception: 未找到对应的SVID/PID
)"
2857,121.449298498,31.2094016618,"未找到对应的SVID/PID (Traceback (most recent call last):
  File ""/media/qiu/Date/baidu/baiduStreetViewSpider2.py"", line 467, in process_item
    raise Exception(""未找到对应的SVID/PID"")
Exception: 未找到对应的SVID/PID
)"
2858,121.449298498,31.2094016618,"未找到对应的SVID/PID (Traceback (most recent call last):
  File ""/media/qiu/Date/baidu/baiduStreetViewSpider2.py"", line 467, in process_item
    raise Exception(""未找到对应的SVID/PID"")
Exception: 未找到对应的SVID/PID
)"
2859,121.449298498,31.2094016618,"未找到对应的SVID/PID (Traceback (most recent call last):
  File ""/media/qiu/Date/baidu/baiduStreetViewSpider2.py"", line 467, in process_item
    raise Exception(""未找到对应的SVID/PID"")
Exception: 未找到对应的SVID/PID
)"
2867,121.442200898,31.2094423724,"未找到对应的SVID/PID (Traceback (most recent call last):
  File ""/media/qiu/Date/baidu/baiduStreetViewSpider2.py"", line 467, in process_item
    raise Exception(""未找到对应的SVID/PID"")
Exception: 未找到对应的SVID/PID
)"
2868,121.442200898,31.2094423724,"未找到对应的SVID/PID (Traceback (most recent call last):
  File ""/media/qiu/Date/baidu/baiduStreetViewSpider2.py"", line 467, in process_item
    raise Exception(""未找到对应的SVID/PID"")
Exception: 未找到对应的SVID/PID
)"
2869,121.442200898,31.2094423724,"未找到对应的SVID/PID (Traceback (most recent call last):
  File ""/media/qiu/Date/baidu/baiduStreetViewSpider2.py"", line 467, in process_item
    raise Exception(""未找到对应的SVID/PID"")
Exception: 未找到对应的SVID/PID
)"
2870,121.442200898,31.2094423724,"未找到对应的SVID/PID (Traceback (most recent call last):
  File ""/media/qiu/Date/baidu/baiduStreetViewSpider2.py"", line 467, in process_item
    raise Exception(""未找到对应的SVID/PID"")
Exception: 未找到对应的SVID/PID
)"
2871,121.448785375,31.2094494061,"未找到对应的SVID/PID (Traceback (most recent call last):
  File ""/media/qiu/Date/baidu/baiduStreetViewSpider2.py"", line 467, in process_item
    raise Exception(""未找到对应的SVID/PID"")
Exception: 未找到对应的SVID/PID
)"
2877,121.445680104,31.2094596208,"未找到对应的SVID/PID (Traceback (most recent call last):
  File ""/media/qiu/Date/baidu/baiduStreetViewSpider2.py"", line 467, in process_item
    raise Exception(""未找到对应的SVID/PID"")
Exception: 未找到对应的SVID/PID
)"
2878,121.45615308,31.2094727007,"未找到对应的SVID/PID (Traceback (most recent call last):
  File ""/media/qiu/Date/baidu/baiduStreetViewSpider2.py"", line 467, in process_item
    raise Exception(""未找到对应的SVID/PID"")
Exception: 未找到对应的SVID/PID
)"
2879,121.45615308,31.2094727007,"未找到对应的SVID/PID (Traceback (most recent call last):
  File ""/media/qiu/Date/baidu/baiduStreetViewSpider2.py"", line 467, in process_item
    raise Exception(""未找到对应的SVID/PID"")
Exception: 未找到对应的SVID/PID
)"
2880,121.45615308,31.2094727007,"未找到对应的SVID/PID (Traceback (most recent call last):
  File ""/media/qiu/Date/baidu/baiduStreetViewSpider2.py"", line 467, in process_item
    raise Exception(""未找到对应的SVID/PID"")
Exception: 未找到对应的SVID/PID
)"
2881,121.448976554,31.2094745154,"未找到对应的SVID/PID (Traceback (most recent call last):
  File ""/media/qiu/Date/baidu/baiduStreetViewSpider2.py"", line 467, in process_item
    raise Exception(""未找到对应的SVID/PID"")
Exception: 未找到对应的SVID/PID
)"
2882,121.448976554,31.2094745154,"未找到对应的SVID/PID (Traceback (most recent call last):
  File ""/media/qiu/Date/baidu/baiduStreetViewSpider2.py"", line 467, in process_item
    raise Exception(""未找到对应的SVID/PID"")
Exception: 未找到对应的SVID/PID
)"
2883,121.448976554,31.2094745154,"未找到对应的SVID/PID (Traceback (most recent call last):
  File ""/media/qiu/Date/baidu/baiduStreetViewSpider2.py"", line 467, in process_item
    raise Exception(""未找到对应的SVID/PID"")
Exception: 未找到对应的SVID/PID
)"
2884,121.448976554,31.2094745154,"未找到对应的SVID/PID (Traceback (most recent call last):
  File ""/media/qiu/Date/baidu/baiduStreetViewSpider2.py"", line 467, in process_item
    raise Exception(""未找到对应的SVID/PID"")
Exception: 未找到对应的SVID/PID
)"
2885,121.449263598,31.2094930636,"未找到对应的SVID/PID (Traceback (most recent call last):
  File ""/media/qiu/Date/baidu/baiduStreetViewSpider2.py"", line 467, in process_item
    raise Exception(""未找到对应的SVID/PID"")
Exception: 未找到对应的SVID/PID
)"
2886,121.449263598,31.2094930636,"未找到对应的SVID/PID (Traceback (most recent call last):
  File ""/media/qiu/Date/baidu/baiduStreetViewSpider2.py"", line 467, in process_item
    raise Exception(""未找到对应的SVID/PID"")
Exception: 未找到对应的SVID/PID
)"
2887,121.449263598,31.2094930636,"未找到对应的SVID/PID (Traceback (most recent call last):
  File ""/media/qiu/Date/baidu/baiduStreetViewSpider2.py"", line 467, in process_item
    raise Exception(""未找到对应的SVID/PID"")
Exception: 未找到对应的SVID/PID
)"
2890,121.456270525,31.2095015857,"未找到对应的SVID/PID (Traceback (most recent call last):
  File ""/media/qiu/Date/baidu/baiduStreetViewSpider2.py"", line 467, in process_item
    raise Exception(""未找到对应的SVID/PID"")
Exception: 未找到对应的SVID/PID
)"
2891,121.456270525,31.2095015857,"未找到对应的SVID/PID (Traceback (most recent call last):
  File ""/media/qiu/Date/baidu/baiduStreetViewSpider2.py"", line 467, in process_item
    raise Exception(""未找到对应的SVID/PID"")
Exception: 未找到对应的SVID/PID
)"
2892,121.456270525,31.2095015857,"未找到对应的SVID/PID (Traceback (most recent call last):
  File ""/media/qiu/Date/baidu/baiduStreetViewSpider2.py"", line 467, in process_item
    raise Exception(""未找到对应的SVID/PID"")
Exception: 未找到对应的SVID/PID
)"
2893,121.45614141,31.2095091388,"未找到对应的SVID/PID (Traceback (most recent call last):
  File ""/media/qiu/Date/baidu/baiduStreetViewSpider2.py"", line 467, in process_item
    raise Exception(""未找到对应的SVID/PID"")
Exception: 未找到对应的SVID/PID
)"
2894,121.45614141,31.2095091388,"未找到对应的SVID/PID (Traceback (most recent call last):
  File ""/media/qiu/Date/baidu/baiduStreetViewSpider2.py"", line 467, in process_item
    raise Exception(""未找到对应的SVID/PID"")
Exception: 未找到对应的SVID/PID
)"
2897,121.442574652,31.2095184249,"未找到对应的SVID/PID (Traceback (most recent call last):
  File ""/media/qiu/Date/baidu/baiduStreetViewSpider2.py"", line 467, in process_item
    raise Exception(""未找到对应的SVID/PID"")
Exception: 未找到对应的SVID/PID
)"
2898,121.456270522,31.2095277906,"未找到对应的SVID/PID (Traceback (most recent call last):
  File ""/media/qiu/Date/baidu/baiduStreetViewSpider2.py"", line 467, in process_item
    raise Exception(""未找到对应的SVID/PID"")
Exception: 未找到对应的SVID/PID
)"
2899,121.456270522,31.2095277906,"未找到对应的SVID/PID (Traceback (most recent call last):
  File ""/media/qiu/Date/baidu/baiduStreetViewSpider2.py"", line 467, in process_item
    raise Exception(""未找到对应的SVID/PID"")
Exception: 未找到对应的SVID/PID
)"
2900,121.456378118,31.2095280477,"未找到对应的SVID/PID (Traceback (most recent call last):
  File ""/media/qiu/Date/baidu/baiduStreetViewSpider2.py"", line 467, in process_item
    raise Exception(""未找到对应的SVID/PID"")
Exception: 未找到对应的SVID/PID
)"
2901,121.456378118,31.2095280477,"未找到对应的SVID/PID (Traceback (most recent call last):
  File ""/media/qiu/Date/baidu/baiduStreetViewSpider2.py"", line 467, in process_item
    raise Exception(""未找到对应的SVID/PID"")
Exception: 未找到对应的SVID/PID
)"
2902,121.456378118,31.2095280477,"未找到对应的SVID/PID (Traceback (most recent call last):
  File ""/media/qiu/Date/baidu/baiduStreetViewSpider2.py"", line 467, in process_item
    raise Exception(""未找到对应的SVID/PID"")
Exception: 未找到对应的SVID/PID
)"
2905,121.45627052,31.2095592286,"未找到对应的SVID/PID (Traceback (most recent call last):
  File ""/media/qiu/Date/baidu/baiduStreetViewSpider2.py"", line 467, in process_item
    raise Exception(""未找到对应的SVID/PID"")
Exception: 未找到对应的SVID/PID
)"
2908,121.448976545,31.2095845782,"未找到对应的SVID/PID (Traceback (most recent call last):
  File ""/media/qiu/Date/baidu/baiduStreetViewSpider2.py"", line 467, in process_item
    raise Exception(""未找到对应的SVID/PID"")
Exception: 未找到对应的SVID/PID
)"
2909,121.448976545,31.2095845782,"未找到对应的SVID/PID (Traceback (most recent call last):
  File ""/media/qiu/Date/baidu/baiduStreetViewSpider2.py"", line 467, in process_item
    raise Exception(""未找到对应的SVID/PID"")
Exception: 未找到对应的SVID/PID
)"
2910,121.448976545,31.2095845782,"未找到对应的SVID/PID (Traceback (most recent call last):
  File ""/media/qiu/Date/baidu/baiduStreetViewSpider2.py"", line 467, in process_item
    raise Exception(""未找到对应的SVID/PID"")
Exception: 未找到对应的SVID/PID
)"
2911,121.441871477,31.2095863172,"未找到对应的SVID/PID (Traceback (most recent call last):
  File ""/media/qiu/Date/baidu/baiduStreetViewSpider2.py"", line 467, in process_item
    raise Exception(""未找到对应的SVID/PID"")
Exception: 未找到对应的SVID/PID
)"
2913,121.442685083,31.2095884468,"未找到对应的SVID/PID (Traceback (most recent call last):
  File ""/media/qiu/Date/baidu/baiduStreetViewSpider2.py"", line 467, in process_item
    raise Exception(""未找到对应的SVID/PID"")
Exception: 未找到对应的SVID/PID
)"
2918,121.456631316,31.2096006015,"未找到对应的SVID/PID (Traceback (most recent call last):
  File ""/media/qiu/Date/baidu/baiduStreetViewSpider2.py"", line 467, in process_item
    raise Exception(""未找到对应的SVID/PID"")
Exception: 未找到对应的SVID/PID
)"
2923,121.448245106,31.2096380421,"未找到对应的SVID/PID (Traceback (most recent call last):
  File ""/media/qiu/Date/baidu/baiduStreetViewSpider2.py"", line 467, in process_item
    raise Exception(""未找到对应的SVID/PID"")
Exception: 未找到对应的SVID/PID
)"
2924,121.448245106,31.2096380421,"未找到对应的SVID/PID (Traceback (most recent call last):
  File ""/media/qiu/Date/baidu/baiduStreetViewSpider2.py"", line 467, in process_item
    raise Exception(""未找到对应的SVID/PID"")
Exception: 未找到对应的SVID/PID
)"
2925,121.448245106,31.2096380421,"未找到对应的SVID/PID (Traceback (most recent call last):
  File ""/media/qiu/Date/baidu/baiduStreetViewSpider2.py"", line 467, in process_item
    raise Exception(""未找到对应的SVID/PID"")
Exception: 未找到对应的SVID/PID
)"
2929,121.442157867,31.2096440718,"未找到对应的SVID/PID (Traceback (most recent call last):
  File ""/media/qiu/Date/baidu/baiduStreetViewSpider2.py"", line 467, in process_item
    raise Exception(""未找到对应的SVID/PID"")
Exception: 未找到对应的SVID/PID
)"
2928,121.442157867,31.2096440718,"未找到对应的SVID/PID (Traceback (most recent call last):
  File ""/media/qiu/Date/baidu/baiduStreetViewSpider2.py"", line 467, in process_item
    raise Exception(""未找到对应的SVID/PID"")
Exception: 未找到对应的SVID/PID
)"
2930,121.442157867,31.2096440718,"未找到对应的SVID/PID (Traceback (most recent call last):
  File ""/media/qiu/Date/baidu/baiduStreetViewSpider2.py"", line 467, in process_item
    raise Exception(""未找到对应的SVID/PID"")
Exception: 未找到对应的SVID/PID
)"
2927,121.442157867,31.2096440718,"未找到对应的SVID/PID (Traceback (most recent call last):
  File ""/media/qiu/Date/baidu/baiduStreetViewSpider2.py"", line 467, in process_item
    raise Exception(""未找到对应的SVID/PID"")
Exception: 未找到对应的SVID/PID
)"
2935,121.448767624,31.2096796666,"未找到对应的SVID/PID (Traceback (most recent call last):
  File ""/media/qiu/Date/baidu/baiduStreetViewSpider2.py"", line 467, in process_item
    raise Exception(""未找到对应的SVID/PID"")
Exception: 未找到对应的SVID/PID
)"
2939,121.448955022,31.2096945945,"未找到对应的SVID/PID (Traceback (most recent call last):
  File ""/media/qiu/Date/baidu/baiduStreetViewSpider2.py"", line 467, in process_item
    raise Exception(""未找到对应的SVID/PID"")
Exception: 未找到对应的SVID/PID
)"
2940,121.448955022,31.2096945945,"未找到对应的SVID/PID (Traceback (most recent call last):
  File ""/media/qiu/Date/baidu/baiduStreetViewSpider2.py"", line 467, in process_item
    raise Exception(""未找到对应的SVID/PID"")
Exception: 未找到对应的SVID/PID
)"
2941,121.448955022,31.2096945945,"未找到对应的SVID/PID (Traceback (most recent call last):
  File ""/media/qiu/Date/baidu/baiduStreetViewSpider2.py"", line 467, in process_item
    raise Exception(""未找到对应的SVID/PID"")
Exception: 未找到对应的SVID/PID
)"
2942,121.441022966,31.2096981213,"未找到对应的SVID/PID (Traceback (most recent call last):
  File ""/media/qiu/Date/baidu/baiduStreetViewSpider2.py"", line 467, in process_item
    raise Exception(""未找到对应的SVID/PID"")
Exception: 未找到对应的SVID/PID
)"
2943,121.442486378,31.2096987205,"未找到对应的SVID/PID (Traceback (most recent call last):
  File ""/media/qiu/Date/baidu/baiduStreetViewSpider2.py"", line 467, in process_item
    raise Exception(""未找到对应的SVID/PID"")
Exception: 未找到对应的SVID/PID
)"
2964,121.441870657,31.209773666,"未找到对应的SVID/PID (Traceback (most recent call last):
  File ""/media/qiu/Date/baidu/baiduStreetViewSpider2.py"", line 467, in process_item
    raise Exception(""未找到对应的SVID/PID"")
Exception: 未找到对应的SVID/PID
)"
2965,121.445663739,31.2097794083,"未找到对应的SVID/PID (Traceback (most recent call last):
  File ""/media/qiu/Date/baidu/baiduStreetViewSpider2.py"", line 467, in process_item
    raise Exception(""未找到对应的SVID/PID"")
Exception: 未找到对应的SVID/PID
)"
2966,121.445663739,31.2097794083,"未找到对应的SVID/PID (Traceback (most recent call last):
  File ""/media/qiu/Date/baidu/baiduStreetViewSpider2.py"", line 467, in process_item
    raise Exception(""未找到对应的SVID/PID"")
Exception: 未找到对应的SVID/PID
)"
2967,121.445663739,31.2097794083,"未找到对应的SVID/PID (Traceback (most recent call last):
  File ""/media/qiu/Date/baidu/baiduStreetViewSpider2.py"", line 467, in process_item
    raise Exception(""未找到对应的SVID/PID"")
Exception: 未找到对应的SVID/PID
)"
2977,121.44211484,31.2098274172,"未找到对应的SVID/PID (Traceback (most recent call last):
  File ""/media/qiu/Date/baidu/baiduStreetViewSpider2.py"", line 467, in process_item
    raise Exception(""未找到对应的SVID/PID"")
Exception: 未找到对应的SVID/PID
)"
2978,121.44211484,31.2098274172,"未找到对应的SVID/PID (Traceback (most recent call last):
  File ""/media/qiu/Date/baidu/baiduStreetViewSpider2.py"", line 467, in process_item
    raise Exception(""未找到对应的SVID/PID"")
Exception: 未找到对应的SVID/PID
)"
2979,121.44211484,31.2098274172,"未找到对应的SVID/PID (Traceback (most recent call last):
  File ""/media/qiu/Date/baidu/baiduStreetViewSpider2.py"", line 467, in process_item
    raise Exception(""未找到对应的SVID/PID"")
Exception: 未找到对应的SVID/PID
)"
2980,121.44211484,31.2098274172,"未找到对应的SVID/PID (Traceback (most recent call last):
  File ""/media/qiu/Date/baidu/baiduStreetViewSpider2.py"", line 467, in process_item
    raise Exception(""未找到对应的SVID/PID"")
Exception: 未找到对应的SVID/PID
)"
2991,121.448223854,31.2098581429,"未找到对应的SVID/PID (Traceback (most recent call last):
  File ""/media/qiu/Date/baidu/baiduStreetViewSpider2.py"", line 467, in process_item
    raise Exception(""未找到对应的SVID/PID"")
Exception: 未找到对应的SVID/PID
)"
2992,121.448223854,31.2098581429,"未找到对应的SVID/PID (Traceback (most recent call last):
  File ""/media/qiu/Date/baidu/baiduStreetViewSpider2.py"", line 467, in process_item
    raise Exception(""未找到对应的SVID/PID"")
Exception: 未找到对应的SVID/PID
)"
2993,121.448223854,31.2098581429,"未找到对应的SVID/PID (Traceback (most recent call last):
  File ""/media/qiu/Date/baidu/baiduStreetViewSpider2.py"", line 467, in process_item
    raise Exception(""未找到对应的SVID/PID"")
Exception: 未找到对应的SVID/PID
)"
3000,121.44244727,31.209881024,"未找到对应的SVID/PID (Traceback (most recent call last):
  File ""/media/qiu/Date/baidu/baiduStreetViewSpider2.py"", line 467, in process_item
    raise Exception(""未找到对应的SVID/PID"")
Exception: 未找到对应的SVID/PID
)"
3001,121.448746498,31.2098985857,"未找到对应的SVID/PID (Traceback (most recent call last):
  File ""/media/qiu/Date/baidu/baiduStreetViewSpider2.py"", line 467, in process_item
    raise Exception(""未找到对应的SVID/PID"")
Exception: 未找到对应的SVID/PID
)"
3005,121.448955003,31.2099147195,"未找到对应的SVID/PID (Traceback (most recent call last):
  File ""/media/qiu/Date/baidu/baiduStreetViewSpider2.py"", line 467, in process_item
    raise Exception(""未找到对应的SVID/PID"")
Exception: 未找到对应的SVID/PID
)"
3006,121.448955003,31.2099147195,"未找到对应的SVID/PID (Traceback (most recent call last):
  File ""/media/qiu/Date/baidu/baiduStreetViewSpider2.py"", line 467, in process_item
    raise Exception(""未找到对应的SVID/PID"")
Exception: 未找到对应的SVID/PID
)"
3007,121.448955003,31.2099147195,"未找到对应的SVID/PID (Traceback (most recent call last):
  File ""/media/qiu/Date/baidu/baiduStreetViewSpider2.py"", line 467, in process_item
    raise Exception(""未找到对应的SVID/PID"")
Exception: 未找到对应的SVID/PID
)"
3015,121.448199392,31.2099611358,"未找到对应的SVID/PID (Traceback (most recent call last):
  File ""/media/qiu/Date/baidu/baiduStreetViewSpider2.py"", line 467, in process_item
    raise Exception(""未找到对应的SVID/PID"")
Exception: 未找到对应的SVID/PID
)"
3026,121.441848078,31.2099857422,"未找到对应的SVID/PID (Traceback (most recent call last):
  File ""/media/qiu/Date/baidu/baiduStreetViewSpider2.py"", line 467, in process_item
    raise Exception(""未找到对应的SVID/PID"")
Exception: 未找到对应的SVID/PID
)"
3045,121.442050298,31.2100290867,"未找到对应的SVID/PID (Traceback (most recent call last):
  File ""/media/qiu/Date/baidu/baiduStreetViewSpider2.py"", line 467, in process_item
    raise Exception(""未找到对应的SVID/PID"")
Exception: 未找到对应的SVID/PID
)"
3046,121.442050298,31.2100290867,"未找到对应的SVID/PID (Traceback (most recent call last):
  File ""/media/qiu/Date/baidu/baiduStreetViewSpider2.py"", line 467, in process_item
    raise Exception(""未找到对应的SVID/PID"")
Exception: 未找到对应的SVID/PID
)"
3047,121.442050298,31.2100290867,"未找到对应的SVID/PID (Traceback (most recent call last):
  File ""/media/qiu/Date/baidu/baiduStreetViewSpider2.py"", line 467, in process_item
    raise Exception(""未找到对应的SVID/PID"")
Exception: 未找到对应的SVID/PID
)"
3044,121.442050298,31.2100290867,"未找到对应的SVID/PID (Traceback (most recent call last):
  File ""/media/qiu/Date/baidu/baiduStreetViewSpider2.py"", line 467, in process_item
    raise Exception(""未找到对应的SVID/PID"")
Exception: 未找到对应的SVID/PID
)"
3051,121.448608113,31.2100755277,"未找到对应的SVID/PID (Traceback (most recent call last):
  File ""/media/qiu/Date/baidu/baiduStreetViewSpider2.py"", line 467, in process_item
    raise Exception(""未找到对应的SVID/PID"")
Exception: 未找到对应的SVID/PID
)"
3059,121.442336998,31.2100894312,"未找到对应的SVID/PID (Traceback (most recent call last):
  File ""/media/qiu/Date/baidu/baiduStreetViewSpider2.py"", line 467, in process_item
    raise Exception(""未找到对应的SVID/PID"")
Exception: 未找到对应的SVID/PID
)"
3076,121.441787611,31.210154592,"未找到对应的SVID/PID (Traceback (most recent call last):
  File ""/media/qiu/Date/baidu/baiduStreetViewSpider2.py"", line 467, in process_item
    raise Exception(""未找到对应的SVID/PID"")
Exception: 未找到对应的SVID/PID
)"
3082,121.442007272,31.2101940961,"未找到对应的SVID/PID (Traceback (most recent call last):
  File ""/media/qiu/Date/baidu/baiduStreetViewSpider2.py"", line 467, in process_item
    raise Exception(""未找到对应的SVID/PID"")
Exception: 未找到对应的SVID/PID
)"
3083,121.442007272,31.2101940961,"未找到对应的SVID/PID (Traceback (most recent call last):
  File ""/media/qiu/Date/baidu/baiduStreetViewSpider2.py"", line 467, in process_item
    raise Exception(""未找到对应的SVID/PID"")
Exception: 未找到对应的SVID/PID
)"
3084,121.442007272,31.2101940961,"未找到对应的SVID/PID (Traceback (most recent call last):
  File ""/media/qiu/Date/baidu/baiduStreetViewSpider2.py"", line 467, in process_item
    raise Exception(""未找到对应的SVID/PID"")
Exception: 未找到对应的SVID/PID
)"
3085,121.442007272,31.2101940961,"未找到对应的SVID/PID (Traceback (most recent call last):
  File ""/media/qiu/Date/baidu/baiduStreetViewSpider2.py"", line 467, in process_item
    raise Exception(""未找到对应的SVID/PID"")
Exception: 未找到对应的SVID/PID
)"
3093,121.448169298,31.2102455017,"未找到对应的SVID/PID (Traceback (most recent call last):
  File ""/media/qiu/Date/baidu/baiduStreetViewSpider2.py"", line 467, in process_item
    raise Exception(""未找到对应的SVID/PID"")
Exception: 未找到对应的SVID/PID
)"
3094,121.442248893,31.210251182,"未找到对应的SVID/PID (Traceback (most recent call last):
  File ""/media/qiu/Date/baidu/baiduStreetViewSpider2.py"", line 467, in process_item
    raise Exception(""未找到对应的SVID/PID"")
Exception: 未找到对应的SVID/PID
)"
3117,121.441964244,31.2103591071,"未找到对应的SVID/PID (Traceback (most recent call last):
  File ""/media/qiu/Date/baidu/baiduStreetViewSpider2.py"", line 467, in process_item
    raise Exception(""未找到对应的SVID/PID"")
Exception: 未找到对应的SVID/PID
)"
3118,121.441964244,31.2103591071,"未找到对应的SVID/PID (Traceback (most recent call last):
  File ""/media/qiu/Date/baidu/baiduStreetViewSpider2.py"", line 467, in process_item
    raise Exception(""未找到对应的SVID/PID"")
Exception: 未找到对应的SVID/PID
)"
3119,121.441964244,31.2103591071,"未找到对应的SVID/PID (Traceback (most recent call last):
  File ""/media/qiu/Date/baidu/baiduStreetViewSpider2.py"", line 467, in process_item
    raise Exception(""未找到对应的SVID/PID"")
Exception: 未找到对应的SVID/PID
)"
3120,121.441964244,31.2103591071,"未找到对应的SVID/PID (Traceback (most recent call last):
  File ""/media/qiu/Date/baidu/baiduStreetViewSpider2.py"", line 467, in process_item
    raise Exception(""未找到对应的SVID/PID"")
Exception: 未找到对应的SVID/PID
)"
3121,121.4491289,31.2103662401,"未找到对应的SVID/PID (Traceback (most recent call last):
  File ""/media/qiu/Date/baidu/baiduStreetViewSpider2.py"", line 467, in process_item
    raise Exception(""未找到对应的SVID/PID"")
Exception: 未找到对应的SVID/PID
)"
3135,121.456458105,31.2103960587,"未找到对应的SVID/PID (Traceback (most recent call last):
  File ""/media/qiu/Date/baidu/baiduStreetViewSpider2.py"", line 467, in process_item
    raise Exception(""未找到对应的SVID/PID"")
Exception: 未找到对应的SVID/PID
)"
3142,121.442209195,31.2104155717,"未找到对应的SVID/PID (Traceback (most recent call last):
  File ""/media/qiu/Date/baidu/baiduStreetViewSpider2.py"", line 467, in process_item
    raise Exception(""未找到对应的SVID/PID"")
Exception: 未找到对应的SVID/PID
)"
3149,121.448760205,31.210444356,"未找到对应的SVID/PID (Traceback (most recent call last):
  File ""/media/qiu/Date/baidu/baiduStreetViewSpider2.py"", line 467, in process_item
    raise Exception(""未找到对应的SVID/PID"")
Exception: 未找到对应的SVID/PID
)"
3159,121.450869692,31.2104692172,"未找到对应的SVID/PID (Traceback (most recent call last):
  File ""/media/qiu/Date/baidu/baiduStreetViewSpider2.py"", line 467, in process_item
    raise Exception(""未找到对应的SVID/PID"")
Exception: 未找到对应的SVID/PID
)"
3160,121.450869692,31.2104692172,"未找到对应的SVID/PID (Traceback (most recent call last):
  File ""/media/qiu/Date/baidu/baiduStreetViewSpider2.py"", line 467, in process_item
    raise Exception(""未找到对应的SVID/PID"")
Exception: 未找到对应的SVID/PID
)"
3161,121.450869692,31.2104692172,"未找到对应的SVID/PID (Traceback (most recent call last):
  File ""/media/qiu/Date/baidu/baiduStreetViewSpider2.py"", line 467, in process_item
    raise Exception(""未找到对应的SVID/PID"")
Exception: 未找到对应的SVID/PID
)"
3180,121.456098283,31.2105362841,"未找到对应的SVID/PID (Traceback (most recent call last):
  File ""/media/qiu/Date/baidu/baiduStreetViewSpider2.py"", line 467, in process_item
    raise Exception(""未找到对应的SVID/PID"")
Exception: 未找到对应的SVID/PID
)"
3181,121.456098283,31.2105362841,"未找到对应的SVID/PID (Traceback (most recent call last):
  File ""/media/qiu/Date/baidu/baiduStreetViewSpider2.py"", line 467, in process_item
    raise Exception(""未找到对应的SVID/PID"")
Exception: 未找到对应的SVID/PID
)"
3182,121.456098283,31.2105362841,"未找到对应的SVID/PID (Traceback (most recent call last):
  File ""/media/qiu/Date/baidu/baiduStreetViewSpider2.py"", line 467, in process_item
    raise Exception(""未找到对应的SVID/PID"")
Exception: 未找到对应的SVID/PID
)"
3188,121.442188875,31.2105797732,"未找到对应的SVID/PID (Traceback (most recent call last):
  File ""/media/qiu/Date/baidu/baiduStreetViewSpider2.py"", line 467, in process_item
    raise Exception(""未找到对应的SVID/PID"")
Exception: 未找到对应的SVID/PID
)"
3190,121.450822826,31.2105877123,"未找到对应的SVID/PID (Traceback (most recent call last):
  File ""/media/qiu/Date/baidu/baiduStreetViewSpider2.py"", line 467, in process_item
    raise Exception(""未找到对应的SVID/PID"")
Exception: 未找到对应的SVID/PID
)"
3193,121.448976456,31.2106118252,"未找到对应的SVID/PID (Traceback (most recent call last):
  File ""/media/qiu/Date/baidu/baiduStreetViewSpider2.py"", line 467, in process_item
    raise Exception(""未找到对应的SVID/PID"")
Exception: 未找到对应的SVID/PID
)"
3194,121.448976456,31.2106118252,"未找到对应的SVID/PID (Traceback (most recent call last):
  File ""/media/qiu/Date/baidu/baiduStreetViewSpider2.py"", line 467, in process_item
    raise Exception(""未找到对应的SVID/PID"")
Exception: 未找到对应的SVID/PID
)"
3195,121.448976456,31.2106118252,"未找到对应的SVID/PID (Traceback (most recent call last):
  File ""/media/qiu/Date/baidu/baiduStreetViewSpider2.py"", line 467, in process_item
    raise Exception(""未找到对应的SVID/PID"")
Exception: 未找到对应的SVID/PID
)"
3229,121.45601219,31.2107378588,"未找到对应的SVID/PID (Traceback (most recent call last):
  File ""/media/qiu/Date/baidu/baiduStreetViewSpider2.py"", line 467, in process_item
    raise Exception(""未找到对应的SVID/PID"")
Exception: 未找到对应的SVID/PID
)"
3230,121.45601219,31.2107378588,"未找到对应的SVID/PID (Traceback (most recent call last):
  File ""/media/qiu/Date/baidu/baiduStreetViewSpider2.py"", line 467, in process_item
    raise Exception(""未找到对应的SVID/PID"")
Exception: 未找到对应的SVID/PID
)"
3231,121.45601219,31.2107378588,"未找到对应的SVID/PID (Traceback (most recent call last):
  File ""/media/qiu/Date/baidu/baiduStreetViewSpider2.py"", line 467, in process_item
    raise Exception(""未找到对应的SVID/PID"")
Exception: 未找到对应的SVID/PID
)"
3233,121.451386026,31.2107455213,"未找到对应的SVID/PID (Traceback (most recent call last):
  File ""/media/qiu/Date/baidu/baiduStreetViewSpider2.py"", line 467, in process_item
    raise Exception(""未找到对应的SVID/PID"")
Exception: 未找到对应的SVID/PID
)"
3234,121.451386026,31.2107455213,"未找到对应的SVID/PID (Traceback (most recent call last):
  File ""/media/qiu/Date/baidu/baiduStreetViewSpider2.py"", line 467, in process_item
    raise Exception(""未找到对应的SVID/PID"")
Exception: 未找到对应的SVID/PID
)"
3235,121.451386026,31.2107455213,"未找到对应的SVID/PID (Traceback (most recent call last):
  File ""/media/qiu/Date/baidu/baiduStreetViewSpider2.py"", line 467, in process_item
    raise Exception(""未找到对应的SVID/PID"")
Exception: 未找到对应的SVID/PID
)"
3246,121.448954926,31.2108135583,"未找到对应的SVID/PID (Traceback (most recent call last):
  File ""/media/qiu/Date/baidu/baiduStreetViewSpider2.py"", line 467, in process_item
    raise Exception(""未找到对应的SVID/PID"")
Exception: 未找到对应的SVID/PID
)"
3247,121.448954926,31.2108135583,"未找到对应的SVID/PID (Traceback (most recent call last):
  File ""/media/qiu/Date/baidu/baiduStreetViewSpider2.py"", line 467, in process_item
    raise Exception(""未找到对应的SVID/PID"")
Exception: 未找到对应的SVID/PID
)"
3248,121.448954926,31.2108135583,"未找到对应的SVID/PID (Traceback (most recent call last):
  File ""/media/qiu/Date/baidu/baiduStreetViewSpider2.py"", line 467, in process_item
    raise Exception(""未找到对应的SVID/PID"")
Exception: 未找到对应的SVID/PID
)"
3251,121.448986971,31.2108201855,"未找到对应的SVID/PID (Traceback (most recent call last):
  File ""/media/qiu/Date/baidu/baiduStreetViewSpider2.py"", line 467, in process_item
    raise Exception(""未找到对应的SVID/PID"")
Exception: 未找到对应的SVID/PID
)"
3260,121.451665717,31.2108378657,"未找到对应的SVID/PID (Traceback (most recent call last):
  File ""/media/qiu/Date/baidu/baiduStreetViewSpider2.py"", line 467, in process_item
    raise Exception(""未找到对应的SVID/PID"")
Exception: 未找到对应的SVID/PID
)"
3261,121.451665717,31.2108378657,"未找到对应的SVID/PID (Traceback (most recent call last):
  File ""/media/qiu/Date/baidu/baiduStreetViewSpider2.py"", line 467, in process_item
    raise Exception(""未找到对应的SVID/PID"")
Exception: 未找到对应的SVID/PID
)"
3262,121.451665717,31.2108378657,"未找到对应的SVID/PID (Traceback (most recent call last):
  File ""/media/qiu/Date/baidu/baiduStreetViewSpider2.py"", line 467, in process_item
    raise Exception(""未找到对应的SVID/PID"")
Exception: 未找到对应的SVID/PID
)"
3263,121.451665717,31.2108378657,"未找到对应的SVID/PID (Traceback (most recent call last):
  File ""/media/qiu/Date/baidu/baiduStreetViewSpider2.py"", line 467, in process_item
    raise Exception(""未找到对应的SVID/PID"")
Exception: 未找到对应的SVID/PID
)"
3266,121.456464079,31.2108673423,"未找到对应的SVID/PID (Traceback (most recent call last):
  File ""/media/qiu/Date/baidu/baiduStreetViewSpider2.py"", line 467, in process_item
    raise Exception(""未找到对应的SVID/PID"")
Exception: 未找到对应的SVID/PID
)"
3267,121.456464079,31.2108673423,"未找到对应的SVID/PID (Traceback (most recent call last):
  File ""/media/qiu/Date/baidu/baiduStreetViewSpider2.py"", line 467, in process_item
    raise Exception(""未找到对应的SVID/PID"")
Exception: 未找到对应的SVID/PID
)"
3268,121.456464079,31.2108673423,"未找到对应的SVID/PID (Traceback (most recent call last):
  File ""/media/qiu/Date/baidu/baiduStreetViewSpider2.py"", line 467, in process_item
    raise Exception(""未找到对应的SVID/PID"")
Exception: 未找到对应的SVID/PID
)"
3295,121.455904577,31.2109577257,"未找到对应的SVID/PID (Traceback (most recent call last):
  File ""/media/qiu/Date/baidu/baiduStreetViewSpider2.py"", line 467, in process_item
    raise Exception(""未找到对应的SVID/PID"")
Exception: 未找到对应的SVID/PID
)"
3296,121.455904577,31.2109577257,"未找到对应的SVID/PID (Traceback (most recent call last):
  File ""/media/qiu/Date/baidu/baiduStreetViewSpider2.py"", line 467, in process_item
    raise Exception(""未找到对应的SVID/PID"")
Exception: 未找到对应的SVID/PID
)"
3302,121.450670637,31.210992334,"未找到对应的SVID/PID (Traceback (most recent call last):
  File ""/media/qiu/Date/baidu/baiduStreetViewSpider2.py"", line 467, in process_item
    raise Exception(""未找到对应的SVID/PID"")
Exception: 未找到对应的SVID/PID
)"
3310,121.4508051,31.2110193815,"未找到对应的SVID/PID (Traceback (most recent call last):
  File ""/media/qiu/Date/baidu/baiduStreetViewSpider2.py"", line 467, in process_item
    raise Exception(""未找到对应的SVID/PID"")
Exception: 未找到对应的SVID/PID
)"
3311,121.4508051,31.2110193815,"未找到对应的SVID/PID (Traceback (most recent call last):
  File ""/media/qiu/Date/baidu/baiduStreetViewSpider2.py"", line 467, in process_item
    raise Exception(""未找到对应的SVID/PID"")
Exception: 未找到对应的SVID/PID
)"
3312,121.4508051,31.2110193815,"未找到对应的SVID/PID (Traceback (most recent call last):
  File ""/media/qiu/Date/baidu/baiduStreetViewSpider2.py"", line 467, in process_item
    raise Exception(""未找到对应的SVID/PID"")
Exception: 未找到对应的SVID/PID
)"
3316,121.451601153,31.2110395005,"未找到对应的SVID/PID (Traceback (most recent call last):
  File ""/media/qiu/Date/baidu/baiduStreetViewSpider2.py"", line 467, in process_item
    raise Exception(""未找到对应的SVID/PID"")
Exception: 未找到对应的SVID/PID
)"
3317,121.451601153,31.2110395005,"未找到对应的SVID/PID (Traceback (most recent call last):
  File ""/media/qiu/Date/baidu/baiduStreetViewSpider2.py"", line 467, in process_item
    raise Exception(""未找到对应的SVID/PID"")
Exception: 未找到对应的SVID/PID
)"
3318,121.451601153,31.2110395005,"未找到对应的SVID/PID (Traceback (most recent call last):
  File ""/media/qiu/Date/baidu/baiduStreetViewSpider2.py"", line 467, in process_item
    raise Exception(""未找到对应的SVID/PID"")
Exception: 未找到对应的SVID/PID
)"
3319,121.451601153,31.2110395005,"未找到对应的SVID/PID (Traceback (most recent call last):
  File ""/media/qiu/Date/baidu/baiduStreetViewSpider2.py"", line 467, in process_item
    raise Exception(""未找到对应的SVID/PID"")
Exception: 未找到对应的SVID/PID
)"
3322,121.456385272,31.2110518537,"未找到对应的SVID/PID (Traceback (most recent call last):
  File ""/media/qiu/Date/baidu/baiduStreetViewSpider2.py"", line 467, in process_item
    raise Exception(""未找到对应的SVID/PID"")
Exception: 未找到对应的SVID/PID
)"
3323,121.448933392,31.2110519781,"未找到对应的SVID/PID (Traceback (most recent call last):
  File ""/media/qiu/Date/baidu/baiduStreetViewSpider2.py"", line 467, in process_item
    raise Exception(""未找到对应的SVID/PID"")
Exception: 未找到对应的SVID/PID
)"
3324,121.448933392,31.2110519781,"未找到对应的SVID/PID (Traceback (most recent call last):
  File ""/media/qiu/Date/baidu/baiduStreetViewSpider2.py"", line 467, in process_item
    raise Exception(""未找到对应的SVID/PID"")
Exception: 未找到对应的SVID/PID
)"
3325,121.448933392,31.2110519781,"未找到对应的SVID/PID (Traceback (most recent call last):
  File ""/media/qiu/Date/baidu/baiduStreetViewSpider2.py"", line 467, in process_item
    raise Exception(""未找到对应的SVID/PID"")
Exception: 未找到对应的SVID/PID
)"
3343,121.451292118,31.2111114022,"未找到对应的SVID/PID (Traceback (most recent call last):
  File ""/media/qiu/Date/baidu/baiduStreetViewSpider2.py"", line 467, in process_item
    raise Exception(""未找到对应的SVID/PID"")
Exception: 未找到对应的SVID/PID
)"
3345,121.451837815,31.2111317492,"未找到对应的SVID/PID (Traceback (most recent call last):
  File ""/media/qiu/Date/baidu/baiduStreetViewSpider2.py"", line 467, in process_item
    raise Exception(""未找到对应的SVID/PID"")
Exception: 未找到对应的SVID/PID
)"
3346,121.451837815,31.2111317492,"未找到对应的SVID/PID (Traceback (most recent call last):
  File ""/media/qiu/Date/baidu/baiduStreetViewSpider2.py"", line 467, in process_item
    raise Exception(""未找到对应的SVID/PID"")
Exception: 未找到对应的SVID/PID
)"
3347,121.451837815,31.2111317492,"未找到对应的SVID/PID (Traceback (most recent call last):
  File ""/media/qiu/Date/baidu/baiduStreetViewSpider2.py"", line 467, in process_item
    raise Exception(""未找到对应的SVID/PID"")
Exception: 未找到对应的SVID/PID
)"
3348,121.451837815,31.2111317492,"未找到对应的SVID/PID (Traceback (most recent call last):
  File ""/media/qiu/Date/baidu/baiduStreetViewSpider2.py"", line 467, in process_item
    raise Exception(""未找到对应的SVID/PID"")
Exception: 未找到对应的SVID/PID
)"
3366,121.452215873,31.2111745302,"未找到对应的SVID/PID (Traceback (most recent call last):
  File ""/media/qiu/Date/baidu/baiduStreetViewSpider2.py"", line 467, in process_item
    raise Exception(""未找到对应的SVID/PID"")
Exception: 未找到对应的SVID/PID
)"
3367,121.452215873,31.2111745302,"未找到对应的SVID/PID (Traceback (most recent call last):
  File ""/media/qiu/Date/baidu/baiduStreetViewSpider2.py"", line 467, in process_item
    raise Exception(""未找到对应的SVID/PID"")
Exception: 未找到对应的SVID/PID
)"
3368,121.452215873,31.2111745302,"未找到对应的SVID/PID (Traceback (most recent call last):
  File ""/media/qiu/Date/baidu/baiduStreetViewSpider2.py"", line 467, in process_item
    raise Exception(""未找到对应的SVID/PID"")
Exception: 未找到对应的SVID/PID
)"
3372,121.45151508,31.2111860552,"未找到对应的SVID/PID (Traceback (most recent call last):
  File ""/media/qiu/Date/baidu/baiduStreetViewSpider2.py"", line 467, in process_item
    raise Exception(""未找到对应的SVID/PID"")
Exception: 未找到对应的SVID/PID
)"
3373,121.45151508,31.2111860552,"未找到对应的SVID/PID (Traceback (most recent call last):
  File ""/media/qiu/Date/baidu/baiduStreetViewSpider2.py"", line 467, in process_item
    raise Exception(""未找到对应的SVID/PID"")
Exception: 未找到对应的SVID/PID
)"
3374,121.452203575,31.2112059484,"未找到对应的SVID/PID (Traceback (most recent call last):
  File ""/media/qiu/Date/baidu/baiduStreetViewSpider2.py"", line 467, in process_item
    raise Exception(""未找到对应的SVID/PID"")
Exception: 未找到对应的SVID/PID
)"
3375,121.452203575,31.2112059484,"未找到对应的SVID/PID (Traceback (most recent call last):
  File ""/media/qiu/Date/baidu/baiduStreetViewSpider2.py"", line 467, in process_item
    raise Exception(""未找到对应的SVID/PID"")
Exception: 未找到对应的SVID/PID
)"
3376,121.452203575,31.2112059484,"未找到对应的SVID/PID (Traceback (most recent call last):
  File ""/media/qiu/Date/baidu/baiduStreetViewSpider2.py"", line 467, in process_item
    raise Exception(""未找到对应的SVID/PID"")
Exception: 未找到对应的SVID/PID
)"
3371,121.45151508,31.2111860552,"未找到对应的SVID/PID (Traceback (most recent call last):
  File ""/media/qiu/Date/baidu/baiduStreetViewSpider2.py"", line 467, in process_item
    raise Exception(""未找到对应的SVID/PID"")
Exception: 未找到对应的SVID/PID
)"
3390,121.45241873,31.2112614664,"未找到对应的SVID/PID (Traceback (most recent call last):
  File ""/media/qiu/Date/baidu/baiduStreetViewSpider2.py"", line 467, in process_item
    raise Exception(""未找到对应的SVID/PID"")
Exception: 未找到对应的SVID/PID
)"
3391,121.45241873,31.2112614664,"未找到对应的SVID/PID (Traceback (most recent call last):
  File ""/media/qiu/Date/baidu/baiduStreetViewSpider2.py"", line 467, in process_item
    raise Exception(""未找到对应的SVID/PID"")
Exception: 未找到对应的SVID/PID
)"
3392,121.45241873,31.2112614664,"未找到对应的SVID/PID (Traceback (most recent call last):
  File ""/media/qiu/Date/baidu/baiduStreetViewSpider2.py"", line 467, in process_item
    raise Exception(""未找到对应的SVID/PID"")
Exception: 未找到对应的SVID/PID
)"
3396,121.451773256,31.211278352,"未找到对应的SVID/PID (Traceback (most recent call last):
  File ""/media/qiu/Date/baidu/baiduStreetViewSpider2.py"", line 467, in process_item
    raise Exception(""未找到对应的SVID/PID"")
Exception: 未找到对应的SVID/PID
)"
3397,121.451773256,31.211278352,"未找到对应的SVID/PID (Traceback (most recent call last):
  File ""/media/qiu/Date/baidu/baiduStreetViewSpider2.py"", line 467, in process_item
    raise Exception(""未找到对应的SVID/PID"")
Exception: 未找到对应的SVID/PID
)"
3398,121.451773256,31.211278352,"未找到对应的SVID/PID (Traceback (most recent call last):
  File ""/media/qiu/Date/baidu/baiduStreetViewSpider2.py"", line 467, in process_item
    raise Exception(""未找到对应的SVID/PID"")
Exception: 未找到对应的SVID/PID
)"
3413,121.452397209,31.211316448,"未找到对应的SVID/PID (Traceback (most recent call last):
  File ""/media/qiu/Date/baidu/baiduStreetViewSpider2.py"", line 467, in process_item
    raise Exception(""未找到对应的SVID/PID"")
Exception: 未找到对应的SVID/PID
)"
3414,121.452397209,31.211316448,"未找到对应的SVID/PID (Traceback (most recent call last):
  File ""/media/qiu/Date/baidu/baiduStreetViewSpider2.py"", line 467, in process_item
    raise Exception(""未找到对应的SVID/PID"")
Exception: 未找到对应的SVID/PID
)"
3415,121.452397209,31.211316448,"未找到对应的SVID/PID (Traceback (most recent call last):
  File ""/media/qiu/Date/baidu/baiduStreetViewSpider2.py"", line 467, in process_item
    raise Exception(""未找到对应的SVID/PID"")
Exception: 未找到对应的SVID/PID
)"
3427,121.451730219,31.2113516293,"未找到对应的SVID/PID (Traceback (most recent call last):
  File ""/media/qiu/Date/baidu/baiduStreetViewSpider2.py"", line 467, in process_item
    raise Exception(""未找到对应的SVID/PID"")
Exception: 未找到对应的SVID/PID
)"
3428,121.451730219,31.2113516293,"未找到对应的SVID/PID (Traceback (most recent call last):
  File ""/media/qiu/Date/baidu/baiduStreetViewSpider2.py"", line 467, in process_item
    raise Exception(""未找到对应的SVID/PID"")
Exception: 未找到对应的SVID/PID
)"
3429,121.451730219,31.2113516293,"未找到对应的SVID/PID (Traceback (most recent call last):
  File ""/media/qiu/Date/baidu/baiduStreetViewSpider2.py"", line 467, in process_item
    raise Exception(""未找到对应的SVID/PID"")
Exception: 未找到对应的SVID/PID
)"
3434,121.451802214,31.2113837108,"未找到对应的SVID/PID (Traceback (most recent call last):
  File ""/media/qiu/Date/baidu/baiduStreetViewSpider2.py"", line 467, in process_item
    raise Exception(""未找到对应的SVID/PID"")
Exception: 未找到对应的SVID/PID
)"
3435,121.452375687,31.2113897731,"未找到对应的SVID/PID (Traceback (most recent call last):
  File ""/media/qiu/Date/baidu/baiduStreetViewSpider2.py"", line 467, in process_item
    raise Exception(""未找到对应的SVID/PID"")
Exception: 未找到对应的SVID/PID
)"
3436,121.452375687,31.2113897731,"未找到对应的SVID/PID (Traceback (most recent call last):
  File ""/media/qiu/Date/baidu/baiduStreetViewSpider2.py"", line 467, in process_item
    raise Exception(""未找到对应的SVID/PID"")
Exception: 未找到对应的SVID/PID
)"
3437,121.452375687,31.2113897731,"未找到对应的SVID/PID (Traceback (most recent call last):
  File ""/media/qiu/Date/baidu/baiduStreetViewSpider2.py"", line 467, in process_item
    raise Exception(""未找到对应的SVID/PID"")
Exception: 未找到对应的SVID/PID
)"
3448,121.452495645,31.2114338777,"未找到对应的SVID/PID (Traceback (most recent call last):
  File ""/media/qiu/Date/baidu/baiduStreetViewSpider2.py"", line 467, in process_item
    raise Exception(""未找到对应的SVID/PID"")
Exception: 未找到对应的SVID/PID
)"
3486,121.452268089,31.2115913073,"未找到对应的SVID/PID (Traceback (most recent call last):
  File ""/media/qiu/Date/baidu/baiduStreetViewSpider2.py"", line 467, in process_item
    raise Exception(""未找到对应的SVID/PID"")
Exception: 未找到对应的SVID/PID
)"
3487,121.452268089,31.2115913073,"未找到对应的SVID/PID (Traceback (most recent call last):
  File ""/media/qiu/Date/baidu/baiduStreetViewSpider2.py"", line 467, in process_item
    raise Exception(""未找到对应的SVID/PID"")
Exception: 未找到对应的SVID/PID
)"
3488,121.452268089,31.2115913073,"未找到对应的SVID/PID (Traceback (most recent call last):
  File ""/media/qiu/Date/baidu/baiduStreetViewSpider2.py"", line 467, in process_item
    raise Exception(""未找到对应的SVID/PID"")
Exception: 未找到对应的SVID/PID
)"
3489,121.452429095,31.2115921005,"未找到对应的SVID/PID (Traceback (most recent call last):
  File ""/media/qiu/Date/baidu/baiduStreetViewSpider2.py"", line 467, in process_item
    raise Exception(""未找到对应的SVID/PID"")
Exception: 未找到对应的SVID/PID
)"
3560,121.44636008,31.2118685699,"未找到对应的SVID/PID (Traceback (most recent call last):
  File ""/media/qiu/Date/baidu/baiduStreetViewSpider2.py"", line 467, in process_item
    raise Exception(""未找到对应的SVID/PID"")
Exception: 未找到对应的SVID/PID
)"
3578,121.446824829,31.2119830073,"未找到对应的SVID/PID (Traceback (most recent call last):
  File ""/media/qiu/Date/baidu/baiduStreetViewSpider2.py"", line 467, in process_item
    raise Exception(""未找到对应的SVID/PID"")
Exception: 未找到对应的SVID/PID
)"
3579,121.44683496,31.2119865069,"未找到对应的SVID/PID (Traceback (most recent call last):
  File ""/media/qiu/Date/baidu/baiduStreetViewSpider2.py"", line 467, in process_item
    raise Exception(""未找到对应的SVID/PID"")
Exception: 未找到对应的SVID/PID
)"
3638,121.447334006,31.2121980926,"未找到对应的SVID/PID (Traceback (most recent call last):
  File ""/media/qiu/Date/baidu/baiduStreetViewSpider2.py"", line 467, in process_item
    raise Exception(""未找到对应的SVID/PID"")
Exception: 未找到对应的SVID/PID
)"
3674,121.447791883,31.2123301935,"未找到对应的SVID/PID (Traceback (most recent call last):
  File ""/media/qiu/Date/baidu/baiduStreetViewSpider2.py"", line 467, in process_item
    raise Exception(""未找到对应的SVID/PID"")
Exception: 未找到对应的SVID/PID
)"
3676,121.448190136,31.2123365712,"未找到对应的SVID/PID (Traceback (most recent call last):
  File ""/media/qiu/Date/baidu/baiduStreetViewSpider2.py"", line 467, in process_item
    raise Exception(""未找到对应的SVID/PID"")
Exception: 未找到对应的SVID/PID
)"
3685,121.450168377,31.2123785808,"未找到对应的SVID/PID (Traceback (most recent call last):
  File ""/media/qiu/Date/baidu/baiduStreetViewSpider2.py"", line 467, in process_item
    raise Exception(""未找到对应的SVID/PID"")
Exception: 未找到对应的SVID/PID
)"
3698,121.447771596,31.2124252541,"未找到对应的SVID/PID (Traceback (most recent call last):
  File ""/media/qiu/Date/baidu/baiduStreetViewSpider2.py"", line 467, in process_item
    raise Exception(""未找到对应的SVID/PID"")
Exception: 未找到对应的SVID/PID
)"
3721,121.448047801,31.2125082735,"未找到对应的SVID/PID (Traceback (most recent call last):
  File ""/media/qiu/Date/baidu/baiduStreetViewSpider2.py"", line 467, in process_item
    raise Exception(""未找到对应的SVID/PID"")
Exception: 未找到对应的SVID/PID
)"
3828,121.451493403,31.2130570273,"未找到对应的SVID/PID (Traceback (most recent call last):
  File ""/media/qiu/Date/baidu/baiduStreetViewSpider2.py"", line 467, in process_item
    raise Exception(""未找到对应的SVID/PID"")
Exception: 未找到对应的SVID/PID
)"
3829,121.451493403,31.2130570273,"未找到对应的SVID/PID (Traceback (most recent call last):
  File ""/media/qiu/Date/baidu/baiduStreetViewSpider2.py"", line 467, in process_item
    raise Exception(""未找到对应的SVID/PID"")
Exception: 未找到对应的SVID/PID
)"
3830,121.451493403,31.2130570273,"未找到对应的SVID/PID (Traceback (most recent call last):
  File ""/media/qiu/Date/baidu/baiduStreetViewSpider2.py"", line 467, in process_item
    raise Exception(""未找到对应的SVID/PID"")
Exception: 未找到对应的SVID/PID
)"
3837,121.451698888,31.2131061438,"未找到对应的SVID/PID (Traceback (most recent call last):
  File ""/media/qiu/Date/baidu/baiduStreetViewSpider2.py"", line 467, in process_item
    raise Exception(""未找到对应的SVID/PID"")
Exception: 未找到对应的SVID/PID
)"
3859,121.451398354,31.2132188615,"未找到对应的SVID/PID (Traceback (most recent call last):
  File ""/media/qiu/Date/baidu/baiduStreetViewSpider2.py"", line 467, in process_item
    raise Exception(""未找到对应的SVID/PID"")
Exception: 未找到对应的SVID/PID
)"
3871,121.452237564,31.2132782956,"未找到对应的SVID/PID (Traceback (most recent call last):
  File ""/media/qiu/Date/baidu/baiduStreetViewSpider2.py"", line 467, in process_item
    raise Exception(""未找到对应的SVID/PID"")
Exception: 未找到对应的SVID/PID
)"
3901,121.451562495,31.2135339985,"未找到对应的SVID/PID (Traceback (most recent call last):
  File ""/media/qiu/Date/baidu/baiduStreetViewSpider2.py"", line 467, in process_item
    raise Exception(""未找到对应的SVID/PID"")
Exception: 未找到对应的SVID/PID
)"
3904,121.453838621,31.2136126603,"未找到对应的SVID/PID (Traceback (most recent call last):
  File ""/media/qiu/Date/baidu/baiduStreetViewSpider2.py"", line 467, in process_item
    raise Exception(""未找到对应的SVID/PID"")
Exception: 未找到对应的SVID/PID
)"
3905,121.453838621,31.2136126603,"未找到对应的SVID/PID (Traceback (most recent call last):
  File ""/media/qiu/Date/baidu/baiduStreetViewSpider2.py"", line 467, in process_item
    raise Exception(""未找到对应的SVID/PID"")
Exception: 未找到对应的SVID/PID
)"
3906,121.453838621,31.2136126603,"未找到对应的SVID/PID (Traceback (most recent call last):
  File ""/media/qiu/Date/baidu/baiduStreetViewSpider2.py"", line 467, in process_item
    raise Exception(""未找到对应的SVID/PID"")
Exception: 未找到对应的SVID/PID
)"
3925,121.453593528,31.2140769077,"未找到对应的SVID/PID (Traceback (most recent call last):
  File ""/media/qiu/Date/baidu/baiduStreetViewSpider2.py"", line 467, in process_item
    raise Exception(""未找到对应的SVID/PID"")
Exception: 未找到对应的SVID/PID
)"
3935,121.453921271,31.2141763287,"未找到对应的SVID/PID (Traceback (most recent call last):
  File ""/media/qiu/Date/baidu/baiduStreetViewSpider2.py"", line 467, in process_item
    raise Exception(""未找到对应的SVID/PID"")
Exception: 未找到对应的SVID/PID
)"
